A;[2, 3, 3, 4, 4, 4, 4, 4, 4, 5, 5, 7, 7, 7, 7, 8, 9, 9, 10, 10, 12, 12, 12, 12, 12, 14, 14, 14, 14, 14, 14, 14, 14, 15, 15, 16, 18, 18, 19, 19, 19, 19, 21, 21, 22, 22, 22, 24, 24, 24, 24, 26, 28, 29, 29, 29, 30, 30, 30, 30, 30, 30, 31, 31, 31, 33, 33, 34, 34, 34, 35, 35, 37, 38, 38, 39, 39, 40, 40, 41, 43, 45, 45, 46, 47, 47, 47, 48, 48, 49, 49, 50, 52, 52, 55, 55, 56, 56, 56, 56, 57, 58, 58, 58, 60, 60, 61, 63, 64, 65, 65, 65, 65, 66, 66, 67, 67, 67, 68, 69, 69, 69, 70, 71, 71, 71, 71, 72, 73, 73, 75, 76, 77, 77, 77, 77, 77, 77, 77, 77, 77, 77, 78, 79, 82, 82, 82, 83, 83, 84, 84, 85, 86, 86, 86, 86, 86, 86, 87, 87, 87, 87, 88, 88, 89, 91, 92, 92, 92, 92, 93, 93, 93, 93, 94, 97, 97, 97, 98, 98, 98, 99, 99, 99, 100, 101, 101, 101, 102, 102, 103, 104, 104, 104, 104, 104, 104, 104, 104, 106, 106, 106, 107, 108, 109, 109, 110, 111, 112, 114, 115, 115, 116, 117, 117, 118, 118, 119, 120, 122, 122, 122, 122, 122, 123, 124, 124, 125, 125, 125, 125, 126, 126, 126, 127, 127, 127, 127, 127, 127, 130, 130, 130, 131, 131, 131, 134, 134, 134, 134, 134, 135, 135, 135, 136, 137, 139, 139, 139, 140, 140, 140, 141, 141, 141, 142, 143, 143, 143, 144, 145, 146, 146, 146, 146, 147, 147, 147, 147, 147, 148, 148, 148, 148, 148, 148, 149, 150, 150, 150, 150, 152, 152, 153, 153, 153, 153, 154, 154, 155, 157, 157, 158, 159, 160, 162, 162, 163, 163, 163, 164, 164, 165, 165, 165, 165, 165, 165, 167, 167, 167]
ABANDON;[90]
ABDOMEN;[]
ABDOMIN;[]
ABERR;[]
ABH;[167]
ABIL;[]
ABL;[]
ABNORM;[]
ABORT;[]
ABOUT;[4, 43, 51, 73, 86, 86, 92, 164]
ABOV;[]
ABSCESS;[]
ABSENC;[]
ABSENT;[18, 37, 150, 150]
ABSORB;[126]
ABSORPT;[]
ABUND;[]
ACADEMICIAN;[]
ACCELER;[]
ACCEPT;[90]
ACCEPTOR;[53]
ACCIDENT;[]
ACCOMPANI;[]
ACCOMPLISH;[]
ACCORD;[]
ACCOUNT;[18, 24, 87, 141]
ACCUMUL;[]
ACCUR;[]
ACCURACi;[]
ACET;[]
ACETYL;[70]
ACHIEV;[]
ACHYLIA;[96]
ACID;[14, 23, 23, 26, 35, 46, 70, 86, 100, 101, 123, 123, 123, 123, 123, 123, 126, 129, 139, 166]
ACROSS;[66]
ACT;[]
ACTION;[107, 123, 123]
ACTIV;[]
ACTUAL;[]
ACUT;[]
AD;[]
ADAPT;[]
ADD;[]
ADDIT;[]
ADENOID;[]
ADENOMA;[]
ADENOMAT;[]
ADEQU;[]
ADEQUACi;[]
ADJAC;[]
ADJUST;[]
ADMINIST;[]
ADMINISTR;[]
ADMISS;[]
ADMIT;[]
ADOLESC;[]
ADULT;[2, 2, 22, 26, 43, 70, 71, 107, 116, 136]
ADVANC;[]
ADVANTAG;[]
ADVERS;[]
ADVIC;[]
AEROSOL;[90, 90, 93, 93, 93, 93, 93, 93, 93, 159]
AERUGINOSA;[1, 1, 1, 6, 6, 6, 6, 6, 6, 7, 7, 7, 7, 7, 7, 8, 8, 8, 8, 8, 18, 18, 62, 79, 80, 80, 81, 110, 123, 123, 135, 148, 159, 159, 159, 160, 161, 161, 161]
AETIOLOG;[]
AFFECT;[145]
AFFIN;[]
AFFLICT;[134]
AFTER;[3, 21, 30, 34, 57, 59, 61, 65, 70, 86, 86, 87, 94, 98, 101, 104, 108, 114, 116, 116, 118, 118, 118, 119, 147, 152, 152, 159]
AGAIN;[77, 121]
AGAINST;[1, 1, 6, 7, 7, 7, 80, 81, 81, 81, 82, 152]
AGAR;[55]
AGE;[2, 3, 3, 8, 22, 22, 22, 22, 27, 51, 51, 51, 51, 65, 65, 65, 65, 89, 89, 89, 93, 93, 99, 102, 102, 107, 118, 136, 145, 145, 165]
AGENT;[]
AGGLUTIN;[]
AGGREG;[]
AGNES;[]
AGRE;[]
AGREEMENT;[68]
AID;[4, 16, 72]
AIM;[76, 153]
AIR;[144, 144, 144, 155]
AIRWAY;[11, 22, 22, 24, 24, 144, 144]
AL;[12, 64, 121, 121]
ALBUMIN;[33, 35, 35, 38, 38, 38, 62, 63, 158]
ALIMENTARi;[]
ALKALIN;[]
ALKYL;[]
ALL;[1, 8, 23, 31, 43, 43, 55, 55, 59, 60, 62, 62, 63, 63, 63, 65, 67, 77, 88, 89, 89, 93, 95, 98, 98, 107, 108, 122, 137, 139, 141, 144, 148, 150, 151, 159, 159, 161]
ALLEL;[]
ALLERG;[]
ALLERGEN;[]
ALLERGI;[]
ALLERGi;[]
ALLOC;[]
ALLOW;[]
ALON;[]
ALPHAAMYLAS;[]
ALSO;[4, 9, 18, 35, 45, 77, 78, 78, 78, 82, 84, 86, 86, 91, 93, 95, 98, 99, 100, 102, 102, 107, 113, 114, 116, 118, 122, 124, 126, 126, 134, 166]
ALTER;[19]
ALTERN;[]
ALTHOUGH;[8, 12, 47, 53, 61, 67, 79, 87, 89, 91, 91, 98, 104, 107, 112, 115, 120, 134, 152]
ALVEOLAR;[18, 18, 18, 18, 18]
ALWAY;[]
AMBEIC;[41]
AMEN;[]
AMERICA;[104]
AMETACHROMAT;[]
AMINO;[14, 23, 46]
AMINOGLYCOSID;[]
AMNIOCENTESI;[]
AMNIOT;[]
AMONG;[39, 39, 65, 106, 162]
AMORPH;[]
AMOUNT;[106, 131]
AMPICILLIN;[123]
AMPL;[]
AMYLAS;[]
AN;[4, 13, 18, 22, 29, 30, 31, 31, 39, 43, 46, 46, 46, 48, 50, 50, 50, 60, 60, 61, 62, 65, 66, 67, 69, 70, 71, 76, 77, 77, 83, 86, 86, 91, 92, 93, 93, 94, 95, 95, 98, 99, 101, 103, 104, 104, 104, 107, 110, 114, 115, 116, 121, 124, 125, 125, 126, 133, 134, 135, 136, 140, 144, 146, 148, 154, 159, 163, 163, 164]
ANALYS;[]
ANALYSI;[]
ANALYZ;[]
ANAPHYLATOXIN;[122, 122, 122]
ANATOM;[]
AND;[1, 1, 1, 1, 2, 2, 2, 2, 3, 3, 3, 3, 3, 3, 4, 4, 4, 5, 5, 5, 5, 5, 6, 6, 6, 6, 6, 6, 7, 7, 7, 7, 7, 8, 8, 8, 8, 8, 8, 8, 9, 9, 10, 11, 11, 11, 11, 11, 13, 14, 14, 14, 14, 14, 14, 14, 14, 14, 15, 16, 16, 16, 16, 17, 17, 17, 17, 17, 17, 18, 18, 18, 18, 18, 18, 18, 19, 19, 19, 19, 19, 19, 19, 20, 20, 20, 21, 22, 22, 22, 23, 23, 23, 23, 23, 23, 23, 23, 24, 24, 24, 24, 25, 25, 26, 26, 26, 26, 26, 27, 28, 28, 28, 28, 28, 30, 30, 30, 30, 30, 31, 31, 31, 31, 32, 32, 32, 33, 33, 33, 33, 34, 34, 34, 34, 34, 34, 37, 37, 37, 37, 38, 38, 39, 39, 39, 39, 40, 41, 41, 41, 41, 41, 42, 43, 43, 43, 43, 43, 43, 43, 43, 43, 43, 43, 43, 44, 44, 45, 45, 46, 46, 46, 47, 47, 47, 47, 47, 48, 48, 48, 49, 49, 50, 50, 51, 52, 52, 53, 53, 53, 53, 53, 54, 54, 54, 54, 55, 55, 55, 55, 55, 55, 55, 55, 56, 56, 56, 56, 56, 57, 58, 58, 58, 58, 58, 58, 58, 59, 59, 60, 60, 60, 60, 60, 61, 61, 61, 61, 62, 62, 62, 62, 62, 62, 63, 63, 63, 63, 63, 63, 63, 63, 63, 64, 64, 65, 65, 65, 65, 66, 66, 66, 66, 67, 67, 67, 67, 68, 68, 68, 69, 69, 69, 70, 70, 70, 70, 71, 71, 71, 71, 71, 71, 71, 72, 72, 72, 73, 73, 73, 73, 73, 73, 73, 73, 73, 73, 73, 74, 74, 75, 75, 75, 75, 75, 75, 76, 76, 76, 76, 77, 78, 78, 78, 79, 79, 79, 80, 80, 80, 81, 81, 81, 81, 81, 82, 82, 83, 83, 83, 83, 83, 83, 83, 83, 83, 84, 84, 84, 84, 85, 85, 85, 85, 86, 86, 86, 87, 87, 87, 87, 87, 87, 88, 89, 89, 89, 89, 89, 89, 89, 89, 89, 89, 90, 90, 90, 90, 91, 91, 91, 92, 92, 92, 92, 92, 93, 93, 94, 94, 94, 95, 95, 95, 95, 95, 96, 96, 96, 97, 97, 97, 98, 98, 98, 98, 98, 98, 98, 99, 99, 99, 100, 100, 100, 100, 101, 101, 101, 101, 102, 102, 102, 102, 102, 102, 102, 102, 102, 102, 102, 103, 103, 103, 103, 103, 104, 104, 104, 104, 104, 104, 105, 105, 106, 106, 106, 106, 107, 107, 107, 107, 108, 108, 109, 110, 110, 111, 111, 111, 112, 112, 113, 114, 114, 114, 114, 114, 115, 115, 116, 116, 116, 116, 116, 116, 117, 117, 117, 117, 117, 117, 118, 118, 118, 118, 118, 118, 118, 118, 118, 118, 119, 119, 121, 121, 121, 121, 121, 121, 121, 121, 122, 122, 122, 122, 122, 122, 123, 123, 124, 124, 124, 124, 124, 125, 125, 126, 126, 126, 127, 129, 130, 130, 131, 131, 131, 131, 133, 133, 133, 133, 134, 134, 134, 134, 134, 134, 134, 135, 135, 135, 135, 135, 135, 136, 136, 136, 136, 137, 137, 137, 137, 137, 137, 137, 137, 137, 137, 137, 139, 139, 139, 139, 139, 139, 139, 139, 140, 140, 140, 140, 140, 140, 141, 141, 141, 141, 141, 141, 141, 141, 141, 141, 141, 142, 142, 143, 143, 143, 143, 143, 143, 143, 143, 143, 143, 143, 143, 143, 143, 143, 143, 144, 144, 144, 144, 144, 144, 144, 144, 144, 144, 144, 144, 145, 145, 145, 145, 146, 147, 147, 147, 148, 148, 148, 148, 149, 149, 149, 149, 149, 150, 150, 150, 150, 151, 152, 152, 152, 152, 152, 153, 153, 154, 154, 155, 155, 155, 155, 155, 156, 157, 158, 158, 158, 160, 160, 160, 161, 161, 161, 161, 161, 161, 163, 163, 163, 163, 163, 163, 163, 164, 164, 165, 165, 165, 165, 165, 165, 165, 165, 165, 165, 165, 166, 166, 166, 167]
ANEMIA;[97, 97, 98, 98]
ANIM;[]
ANION;[]
ANISYLALANIN;[]
ANOMALi;[]
ANOMASIA;[42, 42]
ANOTH;[]
ANTI;[48]
ANTIBIOT;[]
ANTIBODI;[]
ANTIBODi;[]
ANTIGEN;[7]
ANTISTAPHYLOCOCC;[]
ANi;[]
AORTA;[100]
AP;[59, 59, 59, 59]
APART;[166]
APPAR;[]
APPEAR;[55, 81, 103, 105, 105, 151]
APPENDECTOMi;[]
APPENDIC;[]
APPENDIX;[95, 95]
APPLI;[]
APPLIC;[]
APPRECI;[]
APPROACH;[71, 77, 77, 117, 126]
APPROPRI;[]
APPROXIM;[]
ARE;[7, 8, 8, 12, 13, 15, 17, 18, 18, 28, 28, 32, 33, 33, 37, 37, 38, 39, 40, 41, 41, 41, 43, 43, 43, 43, 43, 43, 46, 46, 46, 46, 46, 47, 48, 49, 58, 59, 60, 63, 65, 67, 68, 69, 73, 76, 76, 76, 77, 77, 78, 78, 79, 79, 81, 82, 86, 88, 92, 97, 97, 101, 103, 110, 110, 112, 117, 117, 118, 118, 120, 121, 126, 127, 130, 130, 131, 133, 133, 133, 134, 134, 135, 135, 136, 136, 136, 139, 140, 140, 141, 143, 145, 152, 152, 153, 156, 157, 158, 162, 165, 165, 165, 165]
AREA;[77, 130]
ARGININ;[]
ARGU;[]
ARIS;[]
AROUND;[41, 41]
ARTERI;[]
ARTERIOL;[]
ARTERi;[]
ARTICL;[]
ARTIFICI;[]
AS;[2, 2, 3, 4, 4, 4, 5, 5, 5, 8, 8, 8, 8, 8, 8, 8, 11, 14, 16, 18, 18, 28, 30, 30, 33, 37, 38, 43, 46, 46, 47, 48, 49, 53, 53, 56, 58, 62, 63, 66, 67, 69, 69, 69, 69, 71, 72, 73, 73, 73, 73, 75, 77, 77, 81, 81, 83, 83, 83, 84, 84, 87, 88, 88, 89, 89, 90, 90, 91, 92, 93, 93, 95, 97, 97, 97, 103, 103, 104, 105, 108, 110, 110, 111, 115, 117, 121, 121, 121, 121, 122, 123, 124, 133, 134, 135, 135, 135, 135, 136, 137, 137, 139, 142, 142, 143, 143, 152, 153, 163]
ASCORB;[]
ASIAN;[39]
ASPECT;[118]
ASSAY;[107, 137, 137]
ASSESS;[127, 144]
ASSOCI;[]
ASTHMA;[20, 21, 21, 21, 47, 56, 56, 56, 56, 56, 60, 60, 60, 60]
ASTHMAT;[]
ASYMPTOMAT;[]
AT;[2, 7, 8, 10, 13, 14, 18, 19, 24, 24, 30, 32, 37, 37, 37, 40, 43, 43, 46, 46, 47, 47, 49, 52, 54, 61, 61, 61, 69, 71, 71, 71, 71, 71, 71, 71, 71, 77, 77, 77, 80, 86, 86, 89, 89, 89, 89, 91, 91, 98, 99, 99, 104, 111, 111, 111, 119, 120, 120, 120, 125, 125, 130, 131, 131, 135, 136, 139, 142, 144, 144, 144, 144, 147, 147, 147, 148]
ATAXIA;[16]
ATHEN;[]
ATOPIA;[135]
ATP;[54]
ATPAS;[]
ATROPH;[]
ATROPHi;[]
ATTACH;[]
ATTEMPT;[50, 56, 147]
ATTEND;[]
ATTENT;[]
ATTRACT;[]
ATTRIBUT;[]
AUCKLAND;[131]
AUGUST;[43]
AUKLAND;[105]
AUREU;[]
AUTHOR;[165]
AUTOCHTHON;[]
AUTOM;[]
AUTOPSi;[]
AUTORADIOGRAPHi;[]
AUTOSOM;[]
AVAIL;[]
AVERAG;[]
AVOID;[75, 152]
AWAR;[]
AZOTORRHEA;[89, 135]
B;[6, 6, 6, 6, 6, 107]
BABI;[]
BABi;[]
BACILLI;[61, 164, 164]
BACKGROUND;[58]
BACTERI;[]
BACTERIA;[6, 8, 8, 55, 81, 110]
BACTERICID;[]
BACTERIOD;[]
BACTERIOLOG;[]
BACTERIOPHAG;[]
BACTERIOSTAT;[]
BACTRIM;[123]
BAFALLUY;[121]
BALANC;[]
BAND;[141, 141, 141, 141, 150, 150, 150, 150]
BASAL;[163]
BASE;[143]
BASELIN;[]
BASI;[]
BASIC;[4, 14, 17, 19, 60, 139]
BE;[3, 3, 3, 4, 4, 7, 10, 12, 14, 14, 14, 14, 15, 16, 16, 17, 18, 18, 19, 19, 25, 29, 29, 33, 33, 34, 34, 38, 39, 43, 43, 45, 45, 46, 46, 47, 47, 48, 50, 50, 51, 52, 52, 55, 55, 55, 56, 60, 60, 60, 65, 65, 66, 67, 67, 67, 69, 69, 71, 71, 72, 72, 73, 76, 77, 77, 77, 77, 79, 81, 83, 84, 84, 84, 85, 88, 88, 89, 89, 90, 90, 90, 90, 91, 94, 95, 98, 103, 103, 103, 104, 104, 105, 110, 110, 111, 111, 112, 115, 117, 120, 120, 120, 121, 121, 123, 125, 125, 125, 125, 126, 126, 133, 134, 134, 134, 134, 134, 135, 135, 135, 135, 136, 138, 139, 139, 140, 141, 141, 143, 143, 144, 147, 149, 149, 150, 150, 151, 151, 156, 162, 164, 166, 167]
BEAD;[]
BEAR;[]
BEARN;[121]
BECAM;[]
BECAUS;[]
BECOM;[]
BED;[100]
BEEN;[1, 1, 6, 7, 8, 14, 18, 19, 19, 21, 29, 34, 34, 38, 39, 39, 42, 47, 49, 51, 52, 62, 63, 63, 64, 64, 67, 67, 67, 77, 78, 79, 79, 81, 82, 84, 86, 86, 86, 89, 90, 91, 95, 98, 101, 104, 104, 104, 104, 106, 107, 111, 111, 111, 112, 114, 115, 117, 125, 125, 126, 126, 131, 140, 141, 146, 150, 160, 163, 163, 165]
BEFOR;[]
BEGAN;[2, 103]
BEHAVIOR;[24, 122, 154]
BEHAVIOUR;[118]
BELIEV;[]
BELOW;[144]
BENEFIT;[82, 156]
BENGAL;[149]
BETTER;[11, 89, 125]
BETWEEN;[3, 3, 5, 12, 17, 19, 19, 26, 26, 31, 31, 33, 39, 43, 47, 54, 62, 62, 65, 68, 76, 77, 93, 93, 97, 102, 102, 104, 106, 107, 108, 115, 115, 118, 118, 118, 121, 121, 124, 124, 137, 137, 137, 141, 141, 141, 147, 151, 158, 161, 161]
BEYOND;[77, 120, 145]
BICARBON;[]
BIFIDA;[117]
BIG;[3]
BIGGAR;[18, 18]
BILE;[129, 129]
BILIARi;[]
BILIOU;[]
BIND;[]
BIOASSAY;[122, 122]
BIOCHEM;[]
BIOLOG;[]
BIOPSI;[]
BIOPSi;[]
BIRMINGHAM;[39]
BIRTH;[2, 2, 14, 37, 37, 99, 110, 148]
BIT;[110]
BLACK;[13, 13, 130, 130]
BLAND;[25]
BLASTIC;[48]
BLOCK;[133]
BLOOD;[6, 6, 14, 20, 23, 23, 23, 30, 34, 44, 55, 107, 122, 135, 148, 150, 165, 165, 167]
BLUE;[74, 83]
BM;[71]
BODI;[]
BODi;[]
BOLU;[]
BONE;[6, 59, 68]
BORE;[89]
BORN;[13, 39, 69]
BOTH;[9, 10, 19, 45, 66, 66, 68, 80, 85, 86, 86, 92, 92, 106, 114, 116, 121, 133, 146, 156, 161, 167]
BOVIN;[]
BOWEL;[32, 49]
BOWL;[109]
BOY;[12]
BRANCH;[]
BREAD;[73, 73]
BREATH;[56]
BRIEF;[84]
BRISCO;[]
BRITAIN;[133]
BROADEN;[]
BRONCHI;[56, 60]
BRONCHIAL;[17, 166]
BRONCHIECTASI;[]
BRONCHIECTAT;[]
BRONCHIT;[]
BRONCHITI;[]
BRONCHODIL;[]
BRONCHOPULMONARi;[]
BRONCHOSPASM;[21, 25]
BROOKLYN;[130]
BROTHER;[39]
BUFFER;[131, 131]
BULB;[30]
BURDEN;[136, 136]
BURN;[164]
BUT;[2, 18, 21, 22, 23, 27, 33, 34, 37, 39, 43, 45, 46, 46, 52, 55, 55, 55, 78, 81, 81, 84, 87, 89, 89, 91, 98, 98, 100, 100, 102, 105, 107, 107, 108, 110, 116, 117, 118, 125, 129, 133, 134, 137, 147, 147]
BUTTERFLi;[]
BY;[1, 1, 2, 2, 2, 3, 6, 7, 7, 8, 8, 8, 8, 11, 14, 16, 18, 18, 19, 19, 19, 20, 21, 22, 23, 23, 24, 24, 26, 26, 26, 27, 30, 31, 31, 38, 38, 40, 40, 43, 45, 45, 47, 47, 49, 56, 56, 56, 56, 59, 60, 60, 61, 62, 62, 63, 63, 64, 69, 71, 71, 71, 71, 72, 80, 81, 85, 85, 85, 86, 91, 91, 92, 96, 99, 101, 102, 102, 103, 103, 103, 103, 104, 104, 104, 104, 106, 107, 107, 107, 111, 111, 111, 113, 114, 114, 115, 120, 121, 121, 121, 121, 122, 122, 123, 126, 126, 127, 133, 136, 137, 137, 137, 137, 139, 139, 139, 141, 141, 141, 141, 141, 141, 141, 143, 143, 143, 144, 146, 148, 150, 151, 152, 158, 159, 160, 162, 165, 165, 165, 166]
C;[105, 131]
CA;[147, 147, 147]
CADMIUM;[86]
CALCIUM;[40, 40, 40, 52, 139, 139, 139, 139, 147]
CALCUL;[]
CALF;[34]
CALIB;[]
CAMERA;[87, 93]
CAN;[18, 25, 46, 47, 48, 67, 69, 69, 71, 72, 77, 84, 84, 90, 90, 90, 95, 104, 118, 120, 121, 134, 134, 141, 145, 158, 165, 166]
CANCER;[82]
CAP;[146]
CAPABL;[]
CAPABl;[]
CAPAC;[]
CAPILLARi;[]
CAPP;[139, 139, 139, 139, 139, 139, 139, 139, 139, 139, 139]
CARBOHYDR;[]
CARBOXYPEPTIDAS;[]
CARCINOMA;[]
CARDIAC;[99]
CARE;[43, 98, 133]
CARRI;[]
CARRIER;[104, 138]
CASE;[9, 12, 34, 39, 42, 48, 94, 97, 97, 97, 98, 99, 103, 104, 104, 133, 157]
CASEIN;[5]
CATEGORI;[]
CATION;[125, 125, 140]
CAUCASIAN;[104]
CAUCASOID;[39]
CAUS;[]
CDF;[122, 122, 122]
CEAS;[]
CELIAC;[9, 9, 129]
CELIOTOMI;[]
CELL;[6, 41, 41, 41, 44, 67, 72, 72, 72, 72, 81, 83, 83, 86, 121, 121, 121, 122, 124, 124, 124, 154, 154, 164, 165]
CELLULAR;[45, 45, 108, 121]
CELLULOS;[]
CENT;[7, 8, 8, 8, 8, 8, 8, 8, 8, 8, 8, 8, 8, 8, 8, 8, 8, 8, 55, 88, 88, 93, 130]
CENTER;[30, 141]
CEREAL;[34]
CEROID;[30]
CERTAIN;[43, 82, 102, 104, 104, 111, 134, 158, 167]
CERTAINLi;[]
CERVIC;[]
CF;[3, 3, 3, 3, 3, 3, 4, 4, 4, 4, 4, 11, 11, 11, 11, 11, 11, 13, 13, 13, 18, 18, 18, 18, 18, 31, 31, 33, 33, 38, 38, 38, 39, 39, 39, 39, 52, 55, 55, 55, 55, 55, 55, 55, 55, 55, 55, 59, 59, 59, 62, 62, 63, 63, 63, 63, 63, 63, 74, 74, 83, 83, 85, 85, 89, 89, 122, 122, 122, 124, 124, 124, 124, 126, 126, 126, 126, 126, 137, 137, 137, 137, 137, 139, 139, 139, 139, 139, 139, 140, 140, 140, 140, 140, 140, 140, 140, 140, 140, 141, 141, 141, 141, 141, 141, 141, 142, 143, 143, 143, 144, 144, 144, 144, 144, 144, 147, 147, 148, 148, 148, 150, 150, 150, 151, 151]
CHANC;[]
CHANG;[]
CHARACT;[]
CHARACTER;[162]
CHARACTERIS;[]
CHARACTERIST;[]
CHEAP;[109, 116]
CHECK;[]
CHEMIC;[]
CHEST;[60, 111]
CHICKEN;[143]
CHIEFLi;[]
CHILD;[14, 32, 34, 56, 57, 58, 70, 91, 103, 136]
CHILDHOOD;[65, 67]
CHILDREN;[2, 2, 2, 2, 3, 3, 5, 5, 5, 5, 14, 17, 20, 20, 21, 21, 29, 29, 29, 34, 39, 39, 43, 43, 43, 48, 48, 48, 48, 48, 48, 48, 48, 49, 51, 57, 58, 58, 58, 58, 58, 64, 66, 68, 68, 69, 69, 69, 70, 70, 74, 75, 87, 92, 93, 93, 93, 97, 100, 101, 103, 103, 109, 110, 111, 113, 115, 116, 126, 126, 126, 127, 133, 133, 134, 149, 149, 155, 155, 159, 160, 160, 162, 163, 164]
CHLORAMPHENICOL;[123]
CHLORID;[]
CHLOROFORM;[26]
CHOIC;[]
CHOLEDOCH;[]
CHROMATOGRAPHi;[]
CHROMOSOM;[]
CHRONIC;[6, 6, 6, 7, 8, 16, 17, 27, 32, 41, 47, 47, 48, 58, 58, 58, 58, 58, 58, 58, 58, 58, 58, 58, 59, 61, 95, 107, 107, 134, 134, 136, 136, 136, 146, 159, 163, 163, 163, 166]
CHYMOTRYPSIN;[131, 131]
CILIARi;[]
CILIAT;[]
CIRRHOSI;[]
CISTERNA;[]
CLAIM;[]
CLASS;[83, 83, 83, 83, 83]
CLASSIC;[95]
CLASSIFI;[]
CLEAR;[14]
CLEARANC;[]
CLEARLi;[]
CLEFT;[58, 58]
CLIMAT;[]
CLINDAMYCIN;[86]
CLINIC;[8, 15, 111, 111]
CLIP;[]
CLOSE;[37, 142]
CLOSe;[]
CLOXACILLIN;[91, 91, 91]
CLUE;[]
CLUMP;[]
CLUSTER;[]
CM;[22, 22, 22]
COBURN;[19]
COELIAC;[2, 2, 5, 34, 34, 34, 73, 73, 73, 73, 73, 73, 153]
COEXIST;[]
COINCID;[]
COINCIDENT;[]
COLD;[78]
COLI;[148]
COLISTIN;[123]
COLITI;[]
COLLABOR;[]
COLLAGEN;[116]
COLLEAGU;[]
COLLECT;[]
COLLEG;[]
COLLOID;[41, 149]
COLON;[41]
COLONIS;[]
COLOUR;[131, 131]
COLUMBIA;[13, 30]
COLUMN;[]
COMBIN;[]
COME;[]
COMMENT;[]
COMMON;[55, 58, 58, 58, 58, 84, 101, 104, 160]
COMMONEST;[37, 39, 69, 133, 160]
COMMONLi;[]
COMMUN;[]
COMPACT;[151]
COMPAR;[]
COMPARISON;[20, 35, 44, 93, 107, 118]
COMPAT;[]
COMPLAINT;[]
COMPLEMENT;[6, 7, 55, 67, 81, 102, 102, 102, 122]
COMPLET;[]
COMPLEX;[56, 97, 98, 98, 98, 98]
COMPLIC;[]
COMPON;[]
COMPOSIT;[]
COMPOUND;[]
COMPREHENS;[]
COMPULSORi;[]
COMPUT;[]
CONCEIV;[]
CONCENTR;[]
CONCERN;[8, 39]
CONCLUD;[]
CONCLUS;[]
CONCOMIT;[]
CONDIT;[]
CONDUCT;[]
CONFIN;[]
CONFIRM;[19, 46, 69, 83, 83, 90, 107, 137, 140, 152]
CONFRONT;[]
CONFUS;[]
CONGENIT;[]
CONGEST;[]
CONJUNCTIV;[]
CONNECT;[]
CONOV;[]
CONSANGUIN;[]
CONSEQU;[]
CONSID;[]
CONSIDER;[]
CONSIST;[]
CONSTANT;[43, 62, 62, 62, 62, 146, 147]
CONSTITU;[]
CONSTITUT;[]
CONSULT;[]
CONTAIN;[33]
CONTAMIN;[]
CONTENT;[4, 5, 19, 23, 31, 31, 31, 31, 31, 31, 45, 45, 71, 71, 96, 119, 121, 166]
CONTINU;[]
CONTRACEPT;[]
CONTRADICT;[]
CONTRARi;[]
CONTRAST;[7, 8, 47, 67, 141, 162]
CONTRIBUT;[]
CONTROL;[1, 5, 19, 22, 22, 24, 26, 26, 41, 46, 53, 53, 54, 70, 77, 92, 103, 107, 113, 137, 140, 141, 141, 141, 141, 141, 141, 145, 147, 147, 147, 154]
CONVENT;[]
CONVERT;[]
CONVINC;[]
COOL;[105]
COORDIN;[]
COR;[100]
CORD;[71, 71, 71, 71, 71]
CORONARi;[]
CORRECT;[79]
CORRECTLi;[]
CORREL;[]
CORRESPOND;[]
CORTICOSTEROID;[]
COUGH;[27, 56, 56]
COULD;[3, 7, 14, 14, 19, 19, 33, 45, 52, 71, 87, 90, 95, 110, 111, 111, 112, 123, 141, 150, 156, 167]
COUNSEL;[]
COUNT;[111]
COUNTER;[104]
COURS;[]
COUSIN;[9]
COW;[5, 34]
CREAT;[]
CREATIN;[]
CREATINURIA;[30]
CRITERIA;[59, 111]
CRITIC;[]
CROSS;[]
CROUP;[56]
CRYSTAL;[40]
CULTUR;[]
CURABL;[]
CURRENT;[89, 165]
CURV;[]
CUTAN;[]
CYCL;[]
CYST;[]
CYSTIC;[1, 2, 2, 3, 4, 6, 7, 7, 8, 8, 8, 9, 10, 10, 11, 12, 12, 13, 14, 15, 15, 16, 17, 17, 19, 19, 19, 19, 19, 19, 19, 19, 19, 19, 19, 20, 21, 21, 22, 23, 23, 23, 24, 24, 26, 26, 26, 27, 28, 29, 29, 30, 30, 30, 31, 32, 32, 34, 34, 34, 37, 37, 38, 39, 40, 40, 41, 43, 43, 43, 44, 44, 45, 45, 47, 47, 49, 50, 50, 51, 51, 51, 52, 52, 52, 53, 53, 53, 54, 55, 56, 57, 57, 58, 59, 61, 62, 63, 64, 64, 64, 65, 65, 65, 65, 66, 67, 67, 67, 68, 69, 69, 69, 69, 70, 70, 71, 71, 72, 73, 73, 74, 74, 75, 76, 77, 77, 77, 77, 78, 80, 80, 82, 83, 83, 84, 85, 88, 88, 89, 90, 91, 92, 93, 93, 94, 94, 95, 95, 95, 95, 96, 96, 96, 97, 97, 98, 98, 98, 98, 99, 99, 99, 100, 101, 102, 103, 103, 103, 103, 103, 104, 105, 108, 109, 109, 110, 111, 111, 112, 112, 112, 113, 115, 116, 116, 119, 121, 121, 122, 122, 123, 125, 125, 125, 125, 126, 126, 127, 129, 130, 130, 130, 133, 133, 133, 133, 135, 135, 135, 135, 137, 138, 138, 139, 140, 141, 141, 143, 143, 143, 143, 144, 146, 146, 148, 150, 151, 153, 154, 154, 154, 155, 155, 157, 158, 159, 160, 160, 161, 163, 163, 163, 163, 163, 163, 164, 165, 166, 166, 166, 167]
CYSTICA;[117]
CYTOPLASM;[]
DAHLQVIST;[2]
DAILi;[]
DALTON;[]
DAMAG;[]
DANE;[]
DANGER;[]
DATA;[18, 65, 71, 81, 84, 90, 92, 107, 110, 126, 127, 141, 143, 148, 161, 165]
DATE;[21, 126]
DAY;[105, 118]
DC;[13]
DEAD;[109]
DEAE;[23]
DEAF;[29]
DEAL;[14]
DEATH;[82, 165]
DECAD;[]
DECIDU;[]
DECIS;[]
DECLIN;[]
DECREAS;[]
DEFECT;[19, 46, 52, 60, 66, 66, 67, 81, 98, 102, 122, 124, 125, 125, 125, 125, 126, 126, 140, 142, 163]
DEFICI;[]
DEFICIENTIN;[122]
DEFIN;[]
DEFINIT;[]
DEFORM;[]
DEGENER;[]
DEGRAD;[]
DEGRE;[]
DELAY;[148]
DELIVERi;[]
DEMAND;[]
DEMOGRAPH;[]
DEMONSTR;[]
DENSITI;[]
DENTIN;[75, 75]
DENTINOENAMEL;[75]
DEPEND;[12, 38, 48]
DEPLET;[]
DEPOSIT;[25]
DEPRESS;[]
DEPRIV;[]
DERANG;[]
DERIV;[]
DERMATAN;[45]
DESCRIB;[]
DESCRIPT;[]
DESERV;[]
DESIGN;[]
DESIR;[]
DESPIT;[]
DESTROY;[]
DETAIL;[46, 158]
DETECT;[20, 67, 105, 117]
DETERIOR;[]
DETERMIN;[]
DETRIMENT;[]
DEVELOP;[97, 133]
DEVIAT;[]
DI;[103, 112]
DIABET;[]
DIAGNOS;[]
DIAGNOSI;[]
DIAGNOST;[]
DIARRHEA;[134, 134, 134, 134]
DIARRHOEA;[46]
DID;[24, 62, 63, 103, 107, 107, 141, 147]
DIET;[30, 73, 97, 101, 126, 153, 153, 153]
DIETARi;[]
DIETET;[]
DIETHYLAMINOETHYL;[23]
DIETITIAN;[153]
DIFFER;[63, 160]
DIFFERENTI;[]
DIFFICULT;[8, 76, 105, 118, 136]
DIFFICULTI;[]
DIFFICULTi;[]
DIFFRACT;[]
DIFFUS;[]
DIGEST;[]
DIGIT;[]
DILUT;[]
DIMENSION;[]
DIMINISH;[]
DIPHTHERI;[]
DIPHTHERIA;[48]
DIPLOCOCCU;[]
DIPLOID;[124]
DIRECT;[14, 22, 31]
DIRECTLi;[]
DISABL;[]
DISABl;[]
DISADVANTAG;[]
DISAPPEAR;[]
DISC;[152]
DISCERN;[138]
DISCHARG;[]
DISCLOS;[]
DISCOLOR;[]
DISCOMFORT;[58, 61]
DISCONTINU;[]
DISCOV;[]
DISCRIMIN;[]
DISCUSS;[43, 72]
DISEAS;[]
DISINTEGR;[]
DISORD;[]
DISPAR;[]
DISPROPORTION;[]
DISPROV;[]
DISRUPT;[]
DISTEND;[]
DISTENS;[]
DISTINCT;[83]
DISTINGUISH;[107]
DISTORT;[]
DISTRESS;[99]
DISTRIBUT;[]
DISTRICT;[13]
DISTURB;[]
DIVERG;[]
DIVERS;[]
DIVERTICUL;[]
DIVID;[]
DNA;[31, 31, 138]
DO;[31, 76, 80, 90, 107, 139]
DOCUMENT;[140]
DOE;[]
DOLAN;[163]
DONE;[88, 135, 135]
DONOR;[]
DOSAG;[]
DOSE;[61, 82, 123, 159, 159]
DOUBL;[]
DOUBT;[]
DOWN;[14, 117]
DR;[116]
DRAINAG;[]
DRAMAT;[]
DREAM;[117]
DRUG;[59]
DRi;[]
DUBOI;[]
DUCT;[66, 66]
DUCTOGRAM;[]
DUE;[18, 46, 60, 64, 66, 77, 82, 86, 91, 95, 98, 98, 98, 103, 103, 154]
DUODEN;[]
DURAT;[]
DURe;[]
DYNAM;[]
DYSFUNCT;[]
DYSKINESI;[]
DYSKINESIA;[122]
DYSKINET;[]
DYSPNEA;[56]
DYSTROPHi;[]
E;[6, 126, 126, 157, 157]
EAC;[6]
EACA;[122, 122]
EACH;[15, 22, 47, 47, 63, 81, 100, 164]
EAR;[29]
EARLIER;[95, 141]
EARLi;[]
EAS;[]
EASILi;[]
EAST;[73]
EASi;[]
EATEN;[73]
ECCRIN;[]
ECONOM;[]
ECONOMi;[]
EDEMA;[91, 94, 94, 97]
EDEMAT;[]
EDUC;[]
EFFECT;[7, 11, 18, 27, 52, 137, 137, 137, 137, 165, 165]
EFFICACi;[]
EFFICI;[]
EFFLUX;[125]
EIGHT;[13, 61, 70, 100, 141, 151, 159]
EITHER;[18, 26, 31, 31, 47, 52, 60, 61, 81, 108, 154]
ELAST;[]
ELECTROD;[]
ELECTROFOCUS;[]
ELECTROFUS;[]
ELECTROLYT;[]
ELECTRON;[40, 40, 151, 151]
ELECTROPHORESI;[]
ELECTROPHORET;[]
ELEMENT;[86]
ELEV;[]
ELICIT;[]
ELIMIN;[]
ELLAG;[]
ELLIOTT;[103, 103, 115, 116, 126]
ELUCID;[]
EM;[151]
EMBARRASS;[]
EMOT;[]
EMPHAS;[]
EMPHASI;[]
EMPLOY;[]
EMPTi;[]
EMPYEMA;[88, 88, 88, 88]
ENABL;[]
ENAMEL;[75, 75]
ENDEM;[]
ENDOCRIN;[]
ENDOCYTOSI;[]
ENDODERM;[]
ENDOPLASM;[]
ENDOSCOP;[]
ENGLAND;[73, 73, 73, 73, 73]
ENGLISH;[73]
ENHANC;[]
ENOUGH;[24, 77, 79, 104, 117]
ENTER;[154]
ENTEROBACTERIACEA;[]
ENTEROGEN;[]
ENTIR;[]
ENTITi;[]
ENTRi;[]
ENZYM;[]
EOSINOPHILIA;[11]
EPIDEM;[]
EPIDEMIOLOG;[]
EPITHELI;[]
EPITHELIUM;[23, 23, 23]
EQUAL;[139, 150, 152, 152]
EQUAT;[]
EQUIVAL;[]
ERAD;[]
ERGOGRAPH;[30]
ERRON;[]
ERROR;[]
ERYTHROCYT;[]
ERYTHROMYCIN;[86, 86, 123, 123]
ESCHERICHIA;[148]
ESPECI;[]
ESSENTI;[]
ESTABLISH;[104]
ESTER;[]
ESTERAS;[]
ESTIM;[]
ET;[12, 64, 86, 107, 121, 121, 121]
ETHACRYN;[]
ETHIC;[]
ETIOLOG;[]
EURKARYOT;[]
EUROPEAN;[39]
EUSTACHIAN;[29]
EVALU;[]
EVEN;[18, 24, 105, 116, 120, 134, 136]
EVENT;[12]
EVENTU;[]
EVERi;[]
EVID;[]
EVOK;[]
EXACERB;[]
EXACT;[71]
EXACTLi;[]
EXAMIN;[]
EXAMPL;[]
EXCEED;[]
EXCEEDINGLi;[]
EXCEPT;[103, 109]
EXCESS;[46, 134, 134]
EXCHANG;[]
EXCLUD;[]
EXCLUS;[]
EXCRET;[]
EXERCIS;[]
EXERT;[123]
EXHIBIT;[]
EXIST;[104, 137]
EXOCRIN;[]
EXOCYTOSI;[]
EXOGEN;[]
EXOTOXIN;[]
EXPANS;[]
EXPECT;[]
EXPECTOR;[]
EXPEDI;[]
EXPENS;[]
EXPERI;[]
EXPERIENC;[]
EXPERIMENT;[]
EXPIRATORi;[]
EXPLAIN;[]
EXPLAN;[]
EXPLANT;[]
EXPLORATORi;[]
EXPONENTI;[]
EXPOSUR;[]
EXPRESS;[124]
EXTEND;[141]
EXTENT;[55, 73, 75, 89, 143]
EXTRACHROMOSOM;[]
EXTRACT;[]
EXTRAN;[]
EXTRAORDINARILi;[]
EXTREM;[]
EXTRINS;[]
FACE;[21, 98]
FACIL;[]
FACILIT;[]
FACT;[48, 76, 76, 95, 110, 142, 163]
FACTOR;[7, 83, 85, 87, 107, 114, 114, 122, 140, 140, 140, 148]
FAEC;[]
FAECAL;[49, 131, 131]
FAIL;[]
FAILUR;[]
FALS;[]
FAMILI;[]
FAMILi;[]
FAMIN;[]
FAR;[18, 112, 120]
FASHION;[77, 77, 163]
FAST;[]
FASTER;[86]
FAT;[46, 49, 89, 89, 135]
FATAL;[32, 43, 64, 81]
FATE;[78]
FATTi;[]
FAVOR;[145]
FAVOUR;[]
FEAR;[14]
FEATUR;[]
FEBRIL;[]
FEBRUARi;[]
FECAL;[89, 89, 89, 129, 134]
FECE;[]
FED;[2, 97]
FEED;[]
FEEL;[18, 112]
FELL;[137]
FEMAL;[]
FETAL;[14, 14, 117]
FETU;[]
FETUS;[14, 71]
FEVER;[149]
FEW;[1, 19, 63, 120]
FIBER;[]
FIBROBLAST;[44, 83, 106, 121]
FIBROCYST;[]
FIBROSI;[]
FIFTEEN;[11, 144]
FILM;[]
FILTRAT;[]
FINAL;[60]
FINANCI;[]
FIND;[101]
FINE;[40]
FINGER;[115]
FINGERNAIL;[]
FINGERPRINT;[115]
FIRST;[3, 14, 22, 31, 31, 37, 65, 69, 96, 103, 104, 144, 145]
FIT;[]
FIVE;[3, 19, 21, 103, 103, 141, 145]
FIX;[]
FLOOD;[]
FLORA;[61, 110, 110]
FLOW;[20, 20, 24, 24, 66, 90, 144, 144, 144, 144, 144, 144]
FLUCLOXACILLIN;[86]
FLUCTUAT;[]
FLUID;[55, 71, 71, 71, 150, 150]
FLUOROMETR;[]
FLUX;[66, 109]
FO;[110]
FOCAL;[30, 59, 99, 139]
FOCU;[]
FOLLOW;[]
FOOD;[21, 34, 34, 153]
FOR;[1, 3, 3, 3, 3, 3, 3, 3, 4, 4, 4, 6, 6, 6, 6, 6, 13, 13, 14, 14, 14, 14, 18, 18, 18, 19, 20, 22, 22, 22, 22, 23, 24, 24, 24, 27, 28, 28, 30, 31, 31, 35, 37, 38, 39, 39, 42, 43, 43, 43, 43, 45, 49, 50, 51, 53, 54, 58, 58, 59, 63, 63, 63, 65, 65, 65, 65, 69, 69, 71, 72, 73, 73, 73, 73, 73, 73, 74, 76, 76, 77, 77, 77, 79, 79, 81, 81, 83, 83, 85, 85, 86, 86, 87, 87, 87, 89, 90, 90, 91, 92, 98, 98, 104, 104, 104, 104, 106, 109, 110, 112, 112, 112, 112, 116, 116, 117, 117, 118, 119, 119, 119, 120, 120, 120, 120, 122, 122, 122, 124, 126, 127, 127, 131, 131, 135, 135, 137, 138, 138, 139, 140, 141, 141, 141, 142, 143, 143, 143, 143, 144, 144, 144, 145, 145, 146, 148, 148, 148, 150, 150, 152, 153, 153, 154, 155, 158, 164, 165, 166, 166, 167]
FOREIGN;[56]
FORM;[15, 40, 56, 104, 127]
FORMAT;[]
FORMERLi;[]
FORMULA;[]
FORT;[]
FORTUIT;[]
FORTUN;[]
FOUND;[3, 8, 19, 22, 25, 26, 29, 29, 30, 33, 37, 37, 41, 48, 49, 51, 51, 51, 52, 60, 62, 62, 62, 63, 65, 65, 65, 65, 68, 71, 77, 78, 100, 100, 102, 104, 106, 106, 106, 114, 114, 115, 118, 123, 125, 126, 134, 138, 143, 145, 147, 149, 149, 149, 149]
FOUR;[38, 95, 138, 144, 161]
FOURFOLD;[18]
FOURTEEN;[108]
FRACTION;[141, 141, 141]
FREE;[71, 111]
FREQUENC;[]
FREQUENT;[62, 62, 82, 86]
FRESH;[71, 122]
FRESHLi;[]
FROM;[2, 2, 3, 3, 4, 4, 4, 4, 6, 7, 7, 17, 19, 22, 22, 23, 23, 23, 23, 32, 37, 37, 40, 40, 43, 43, 43, 44, 45, 45, 46, 46, 46, 47, 47, 48, 50, 51, 51, 51, 51, 53, 54, 56, 59, 61, 61, 63, 65, 65, 67, 67, 71, 71, 71, 75, 77, 77, 77, 80, 80, 83, 83, 83, 85, 85, 86, 86, 86, 86, 98, 100, 101, 102, 103, 106, 107, 107, 107, 107, 107, 107, 107, 108, 108, 108, 109, 110, 112, 112, 112, 118, 118, 118, 119, 121, 121, 122, 122, 124, 125, 125, 126, 126, 131, 133, 134, 135, 136, 137, 137, 137, 137, 138, 138, 139, 139, 139, 139, 140, 141, 142, 142, 143, 143, 143, 143, 144, 144, 148, 149, 150, 151, 152, 153, 154, 154, 156, 159, 160, 161, 161, 161, 161, 161, 162, 166, 166, 166]
FROZEN;[18]
FUCOS;[]
FULL;[67, 73]
FULLi;[]
FUNCTION;[20, 24, 24, 38, 41, 50, 64, 64, 64, 87, 90, 92, 96, 98, 134, 140, 150, 150, 150, 155, 155, 163, 163, 163]
FUNDAMENT;[]
FURNISH;[46, 83]
FURTHER;[23, 31, 77, 77, 79, 86, 107, 127, 140, 142]
FURTHERMOR;[]
FUSID;[]
FUTUR;[]
GA;[]
GAIN;[]
GALACTOSAEMIA;[76, 153]
GALACTOSYLTRANSFERAS;[]
GAMMA;[87]
GANGREN;[]
GASE;[]
GASTRIC;[151, 151, 151]
GASTROINTESTIN;[]
GASTROSTOMi;[]
GATHER;[]
GAVE;[29, 86, 111]
GEAR;[]
GEL;[23, 59, 139, 139, 141]
GENE;[67, 104, 104, 104, 104, 104, 106, 117, 122, 142, 162]
GENER;[]
GENET;[]
GENETICIST;[]
GENOTYP;[]
GENTAMICIN;[152, 161, 161, 161]
GENUIN;[]
GIBSON;[163]
GILLI;[]
GIVE;[46, 46, 79, 144]
GIVEN;[43, 69, 76, 82, 97, 111, 145, 162, 165, 165, 165]
GIVe;[]
GLAND;[47, 53, 66, 66, 66, 77, 77, 95, 125, 137, 137, 137, 137, 137, 137, 137, 137, 139]
GLOBUL;[]
GLOBULIN;[62, 62, 63]
GLUCAGON;[92, 92, 92]
GLUCOS;[]
GLUTAM;[]
GLUTATHION;[]
GLUTEN;[34, 34, 34]
GLYCERID;[]
GLYCIN;[]
GLYCOPROTEIN;[23, 23, 23, 53]
GLYCOSAMINOGLYCAN;[]
GOAL;[14]
GOITER;[163, 163, 163]
GOOD;[4, 5, 158]
GOVAN;[79]
GRADIENT;[]
GRAFT;[]
GRAM;[137]
GRANUL;[]
GREAT;[5, 14, 37, 73, 134]
GREATER;[18, 22, 52, 62, 62, 73, 93, 95, 108, 118, 118, 136, 144, 150, 152]
GREATLi;[]
GREEN;[131]
GROSS;[45]
GROSSLi;[]
GROUP;[5, 6, 6, 8, 19, 19, 22, 23, 23, 23, 24, 24, 27, 29, 30, 30, 51, 65, 65, 65, 65, 65, 65, 70, 70, 83, 92, 100, 113, 118, 134, 145, 145, 163, 167]
GROWTH;[45, 86, 86, 89, 89, 89, 89, 143, 165]
GUT;[46, 46, 101, 134]
GYNECOLOG;[]
HA;[]
HABIT;[56]
HAD;[2, 2, 6, 11, 11, 12, 18, 19, 22, 23, 24, 24, 32, 32, 37, 37, 37, 37, 45, 50, 52, 55, 63, 63, 68, 71, 75, 86, 86, 89, 89, 89, 93, 95, 100, 104, 107, 107, 107, 111, 111, 113, 141, 141, 141, 144, 145, 150, 150, 150, 160, 160, 163]
HAEMOLYT;[]
HAEMOPHILU;[]
HALF;[30, 51]
HAND;[115, 118]
HANDICAP;[]
HANDL;[]
HANK;[]
HAPTOGLOBIN;[1]
HARBOUR;[]
HARM;[90, 120]
HARTNUP;[70, 70]
HAVE;[1, 1, 6, 7, 8, 9, 14, 14, 18, 19, 19, 29, 30, 35, 39, 39, 50, 51, 52, 58, 62, 62, 63, 63, 64, 64, 67, 67, 67, 68, 69, 73, 77, 78, 81, 82, 84, 86, 87, 90, 91, 91, 95, 96, 98, 98, 101, 102, 104, 104, 104, 104, 104, 104, 105, 106, 108, 109, 111, 112, 114, 118, 118, 118, 122, 124, 126, 131, 133, 139, 140, 150, 154, 160, 160, 163, 163, 163, 163, 164]
HAVe;[]
HAZARD;[]
HE;[50, 103]
HEALTH;[136, 165]
HEALTHi;[]
HEART;[99, 116]
HEAT;[53, 85]
HELA;[124, 143]
HELEN;[131]
HELIUM;[144, 144]
HELP;[76, 111, 134, 153]
HEMATOLOG;[]
HEMOGLOBIN;[68, 68, 98, 98]
HEMOLYSI;[]
HEMORRHAG;[]
HEPARIN;[118, 121, 121, 121, 121, 146]
HEPAT;[]
HEPATOCYT;[]
HEPATOMEGALi;[]
HEPATOTOX;[]
HEPTAVAL;[]
HERE;[83]
HEREBi;[]
HEREDITARi;[]
HERRICK;[110]
HETEROGEN;[]
HETEROZYG;[]
HETEROZYGOT;[]
HG;[144, 148]
HI;[]
HIBERN;[]
HIGH;[18, 24, 24, 24, 29, 54, 59, 71, 71, 73, 73, 73, 101, 103, 104, 104, 111, 130, 142]
HIGHER;[6, 7, 7, 11, 47, 47, 48, 53, 65, 73, 102, 104, 104, 106, 107, 107, 107, 113, 139, 147, 159]
HIGHLi;[]
HIM;[136]
HIMSELF;[69]
HISTIDINAEMIA;[76]
HISTOCHEM;[]
HISTOLOC;[95]
HISTOLOG;[]
HISTORI;[]
HISTORi;[]
HOLLOW;[40]
HOME;[146]
HOMOGEN;[]
HOMOZYG;[]
HOMOZYGOT;[]
HOPE;[117]
HORIZONT;[]
HORMON;[]
HORNi;[]
HOSPIT;[]
HOST;[60, 80, 81]
HOT;[103]
HOUR;[70]
HOW;[72, 72, 104]
HOWEV;[]
HR;[152]
HUMAN;[18, 18, 18, 18, 18, 35, 44, 55, 72, 72, 72, 72, 104, 114, 117, 123, 124, 143]
HUMOR;[]
HYALIN;[]
HYDRAMNIO;[]
HYDROLYS;[]
HYDROLYZ;[]
HYDROXYAPATIT;[]
HYGIEN;[]
HYPERPERM;[]
HYPERREACT;[]
HYPERSECRET;[]
HYPERTENS;[]
HYPERTON;[]
HYPERTROPHi;[]
HYPOALBUMINEMIA;[97]
HYPOGONAD;[]
HYPOPLAST;[]
HYPOPROTEINEMIA;[91, 97, 98, 98]
HYPOTHESI;[]
HYPOTHYROID;[]
HYPOXEMIA;[148]
I;[19, 101, 105, 109]
IDENT;[]
IDENTIF;[]
IDENTIFI;[]
IDENTIFi;[]
IDIOPATH;[]
IE;[83]
IF;[4, 33, 63, 82, 83, 83, 90, 105, 119, 120, 123, 135, 147, 148]
IGA;[1, 11, 18, 18, 18, 55, 55, 85]
IGE;[11, 55]
IGG;[1, 11, 48, 55, 55, 81, 81, 85, 122, 160]
IGM;[11, 48, 55, 55, 81, 81]
II;[83]
ILEU;[]
ILEUM;[113]
ILL;[43, 134, 134, 136, 136]
ILLUMIN;[]
ILLUSTR;[]
IMMEDI;[]
IMMERS;[]
IMMIGR;[]
IMMUN;[]
IMMUNOCHEM;[]
IMMUNODIFFUS;[]
IMMUNOELECTROPHORESI;[]
IMMUNOELECTROPHORET;[]
IMMUNOFLUORESC;[]
IMMUNOGLOBULIN;[48, 81]
IMMUNOLOG;[]
IMMUNOREACT;[]
IMMUNOSUPPRESS;[]
IMPACT;[136, 136, 136]
IMPAIR;[]
IMPLIC;[]
IMPORT;[]
IMPRESS;[]
IMPROV;[]
IN;[1, 1, 1, 1, 1, 1, 2, 2, 2, 2, 3, 3, 3, 4, 4, 4, 4, 4, 4, 4, 4, 4, 5, 5, 5, 5, 5, 5, 5, 5, 6, 6, 6, 6, 6, 6, 7, 7, 7, 7, 7, 7, 7, 7, 7, 7, 8, 8, 8, 8, 8, 9, 9, 9, 11, 11, 11, 12, 12, 12, 13, 13, 13, 13, 13, 13, 14, 14, 14, 14, 14, 14, 15, 15, 15, 15, 17, 17, 17, 17, 18, 18, 18, 18, 18, 19, 19, 19, 19, 19, 19, 19, 19, 20, 20, 20, 21, 21, 22, 22, 22, 22, 22, 22, 23, 23, 23, 23, 24, 24, 24, 24, 24, 24, 24, 24, 24, 24, 25, 25, 25, 26, 26, 26, 26, 27, 27, 27, 29, 29, 29, 30, 30, 30, 30, 30, 30, 30, 30, 30, 30, 30, 30, 30, 30, 31, 31, 31, 31, 31, 32, 34, 34, 34, 34, 34, 35, 35, 37, 37, 37, 38, 38, 38, 38, 38, 39, 39, 39, 39, 40, 40, 40, 40, 41, 41, 41, 41, 41, 41, 41, 42, 42, 43, 43, 44, 45, 45, 45, 46, 46, 46, 46, 46, 46, 46, 46, 46, 46, 46, 46, 47, 47, 47, 47, 47, 47, 47, 48, 48, 48, 48, 48, 48, 48, 48, 48, 49, 49, 50, 50, 50, 50, 50, 51, 51, 51, 51, 51, 51, 51, 51, 52, 52, 52, 52, 52, 52, 52, 52, 54, 54, 55, 55, 55, 55, 55, 55, 55, 55, 55, 55, 55, 55, 55, 56, 56, 56, 57, 57, 58, 58, 58, 58, 59, 59, 59, 60, 60, 60, 61, 61, 61, 61, 62, 62, 62, 62, 62, 62, 62, 62, 62, 63, 63, 63, 63, 63, 63, 63, 63, 63, 64, 64, 64, 64, 65, 65, 65, 65, 65, 65, 65, 66, 66, 66, 66, 67, 67, 67, 67, 67, 67, 67, 67, 68, 68, 68, 69, 69, 69, 69, 69, 70, 70, 70, 70, 70, 70, 71, 71, 71, 71, 71, 71, 71, 71, 71, 71, 71, 71, 71, 72, 72, 72, 73, 73, 73, 73, 73, 73, 73, 73, 73, 73, 73, 73, 73, 73, 73, 73, 73, 73, 73, 73, 73, 74, 74, 74, 74, 74, 74, 74, 75, 77, 77, 77, 77, 77, 77, 77, 78, 78, 78, 78, 79, 79, 79, 80, 80, 80, 80, 81, 82, 82, 83, 83, 83, 83, 83, 84, 84, 84, 85, 86, 86, 86, 86, 86, 86, 86, 86, 86, 86, 86, 87, 87, 87, 88, 88, 88, 88, 88, 88, 89, 89, 89, 89, 89, 89, 89, 91, 91, 91, 91, 92, 92, 92, 92, 92, 92, 92, 93, 93, 93, 94, 95, 95, 95, 96, 97, 98, 98, 98, 98, 98, 98, 98, 98, 99, 99, 99, 99, 100, 100, 100, 100, 100, 100, 100, 100, 100, 100, 100, 100, 101, 101, 102, 102, 102, 102, 102, 102, 102, 102, 103, 103, 103, 103, 103, 103, 103, 104, 104, 104, 104, 104, 104, 104, 104, 104, 104, 104, 104, 104, 104, 104, 105, 105, 105, 105, 105, 105, 105, 105, 106, 106, 106, 106, 106, 106, 107, 107, 107, 107, 107, 107, 107, 108, 108, 108, 108, 109, 109, 109, 110, 110, 110, 110, 111, 111, 111, 111, 111, 111, 111, 111, 111, 112, 112, 113, 113, 113, 114, 114, 114, 114, 114, 114, 114, 115, 115, 115, 115, 115, 115, 116, 116, 116, 116, 118, 118, 118, 118, 118, 118, 118, 118, 118, 118, 118, 118, 119, 119, 119, 120, 120, 121, 121, 121, 121, 121, 121, 121, 121, 121, 121, 121, 122, 122, 122, 123, 123, 123, 123, 123, 123, 124, 124, 124, 124, 124, 124, 124, 124, 124, 124, 124, 124, 124, 124, 124, 125, 125, 125, 125, 125, 125, 125, 125, 125, 125, 126, 126, 126, 126, 126, 126, 126, 126, 126, 126, 126, 126, 129, 129, 130, 130, 130, 131, 131, 131, 133, 133, 134, 134, 134, 134, 135, 135, 135, 136, 137, 137, 137, 137, 137, 137, 138, 138, 138, 138, 139, 139, 139, 139, 139, 139, 139, 139, 139, 139, 140, 140, 140, 140, 140, 140, 140, 140, 140, 140, 140, 140, 141, 141, 141, 141, 141, 141, 141, 141, 141, 141, 141, 141, 143, 143, 143, 143, 143, 143, 144, 144, 144, 144, 144, 144, 144, 145, 145, 145, 145, 145, 145, 146, 146, 147, 147, 147, 147, 148, 148, 149, 149, 149, 149, 149, 149, 150, 150, 150, 150, 151, 152, 152, 152, 152, 153, 154, 154, 154, 155, 155, 155, 155, 155, 156, 156, 156, 156, 157, 157, 158, 158, 159, 159, 159, 159, 160, 160, 161, 161, 161, 162, 162, 162, 162, 162, 163, 163, 163, 163, 163, 163, 163, 163, 163, 163, 163, 163, 163, 164, 164, 165, 165, 165, 165, 165, 165, 165, 165, 165, 165, 165, 165, 166, 166, 167]
INAA;[3, 3, 4, 4, 4]
INACT;[]
INACTIV;[]
INAPPROPRI;[]
INBORN;[14, 14, 14, 133]
INCID;[]
INCIDENT;[]
INCLUD;[]
INCLUS;[]
INCOMPLET;[]
INCONST;[]
INCORPOR;[]
INCREAS;[]
INCREASINGLi;[]
INCUB;[]
INDE;[]
INDEPEND;[]
INDEX;[9, 31]
INDIC;[]
INDIRECT;[14]
INDIRECTLi;[]
INDISTINGUISH;[]
INDIVIDU;[]
INDUC;[]
INDWEL;[]
INFANC;[]
INFANT;[2, 70, 71, 71, 71, 91, 94, 98, 99, 99, 134]
INFECT;[]
INFECTI;[]
INFILTR;[]
INFLAMMATORi;[]
INFLUENC;[]
INFLUENZA;[]
INFORM;[]
INFUS;[]
INGEST;[]
INHABIT;[]
INHAL;[]
INHERIT;[]
INHIBIT;[7]
INHIBITOR;[18, 26, 122, 141, 142]
INHIBITORi;[]
INHOMOGEN;[]
INITI;[]
INJECT;[]
INNAT;[]
INOCULUM;[123]
INSIGHT;[72, 72]
INSIGNIFIC;[]
INSTANC;[]
INSTEAD;[120, 133, 133]
INSTITUT;[]
INSTRUMENT;[]
INSUFFICI;[]
INSULIN;[92, 92]
INTACT;[115, 124]
INTAK;[]
INTEGR;[]
INTELLECTU;[]
INTELLIG;[]
INTENS;[]
INTENT;[]
INTEREST;[91, 118, 134]
INTERFAC;[]
INTERMITT;[]
INTERN;[]
INTERNIST;[146]
INTERPRET;[]
INTERSTITI;[]
INTERV;[]
INTERVIEW;[127, 127]
INTESTIN;[]
INTIM;[]
INTO;[23, 23, 23, 72, 72, 75, 75, 75, 78, 106, 106, 106, 106, 106, 108, 130, 137, 141, 141]
INTOLER;[]
INTRACISTERN;[]
INTRACRANI;[]
INTRAFAMILI;[]
INTRAMUSCULAR;[61, 152]
INTRAMUSCULARLi;[]
INTRAUTERIN;[]
INTRAVEN;[]
INTRIC;[]
INTRINS;[]
INTRODUC;[]
INTRODUCT;[]
INTUB;[]
INVALU;[]
INVERTEBR;[]
INVESTIG;[]
INVOK;[]
INVOLV;[]
IODID;[]
ION;[53, 91, 141]
IONIC;[139]
IONTOPHORESI;[]
IQ;[145]
IRELAND;[73, 73, 73, 73, 73, 73]
IRON;[68, 68, 68, 68, 98, 98, 98, 98, 98]
IRRESPECT;[]
IRREVERS;[]
IS;[1, 3, 4, 4, 4, 4, 4, 4, 4, 4, 8, 8, 9, 9, 9, 9, 10, 12, 12, 13, 13, 14, 14, 15, 16, 17, 17, 17, 18, 18, 18, 19, 19, 24, 25, 25, 27, 27, 27, 27, 27, 30, 33, 34, 34, 34, 35, 35, 37, 37, 37, 37, 37, 39, 41, 41, 41, 41, 43, 46, 46, 46, 47, 47, 47, 47, 47, 48, 52, 56, 56, 57, 57, 58, 58, 58, 58, 58, 58, 58, 60, 60, 60, 63, 63, 64, 64, 65, 65, 66, 66, 66, 67, 67, 69, 69, 69, 69, 69, 69, 69, 69, 71, 71, 71, 71, 71, 72, 74, 76, 76, 76, 77, 77, 79, 80, 81, 81, 81, 84, 87, 87, 87, 88, 88, 89, 90, 90, 91, 93, 93, 94, 94, 96, 97, 97, 97, 98, 98, 98, 98, 98, 99, 99, 101, 101, 102, 102, 103, 104, 104, 104, 104, 104, 104, 104, 104, 104, 104, 105, 106, 106, 107, 107, 107, 108, 109, 109, 109, 109, 110, 110, 110, 111, 111, 111, 112, 113, 114, 115, 115, 117, 117, 118, 118, 118, 118, 118, 118, 118, 119, 119, 119, 119, 119, 120, 120, 120, 120, 121, 122, 122, 122, 122, 122, 122, 123, 123, 123, 124, 125, 125, 126, 126, 129, 131, 131, 131, 133, 133, 133, 133, 134, 134, 135, 135, 135, 136, 136, 136, 137, 139, 139, 140, 141, 141, 141, 141, 143, 143, 143, 147, 147, 150, 152, 152, 152, 153, 153, 154, 155, 157, 158, 160, 162, 163, 164, 165, 165, 165, 165, 165, 165, 167]
ISLAND;[130]
ISOAMYLAS;[]
ISOELECTR;[]
ISOENZYM;[]
ISOHEMAGGLUTININ;[]
ISOL;[]
ISOVOLUM;[]
IT;[4, 5, 7, 9, 12, 14, 15, 18, 22, 24, 33, 34, 34, 37, 39, 41, 43, 47, 47, 52, 56, 58, 58, 63, 66, 67, 69, 75, 76, 76, 77, 77, 77, 79, 79, 79, 83, 83, 84, 86, 86, 88, 89, 90, 91, 91, 101, 103, 103, 103, 104, 104, 104, 104, 104, 104, 107, 108, 109, 109, 110, 110, 111, 111, 111, 112, 115, 115, 116, 117, 119, 119, 119, 120, 122, 125, 126, 133, 136, 139, 149, 152, 154, 159, 161, 163, 163, 166]
ITSELF;[52, 136]
IU;[11, 11]
JEJUN;[]
JET;[31]
JUDG;[]
JUIC;[]
JUNCTION;[75]
JUST;[18]
JUSTIFI;[]
JUVENIL;[]
K;[80]
KALLMAN;[42]
KARTAGEN;[]
KERATIN;[119]
KIDNEY;[46]
KILL;[18]
KILOGRAM;[93, 123]
KIND;[80]
KINET;[]
KIT;[]
KLEBSIELLA;[148]
KM;[53]
KNOW;[90, 91, 104]
KNOWLEDG;[]
KNOWN;[18, 48, 69, 104, 122, 122, 122, 133, 134]
KUPFFER;[165]
LABEL;[]
LABIAL;[77, 77]
LABIL;[]
LABOR;[]
LABORATORI;[]
LABORATORi;[]
LACEY;[86]
LACK;[46, 87, 157, 157]
LACTIC;[70]
LARG;[]
LARGER;[59, 85, 100]
LAST;[47, 79, 86]
LATE;[89]
LATER;[34, 50, 95]
LATTER;[1, 37, 104, 134, 156]
LAUNCH;[]
LAVAG;[]
LAY;[43]
LAYER;[]
LEAD;[58, 80, 95, 126]
LEAGU;[]
LEARN;[90]
LEAST;[13, 46, 89, 111, 125, 149]
LECITHIN;[126]
LED;[14]
LEE;[98]
LEFT;[99, 111, 115]
LESION;[17]
LESS;[20, 63, 71, 73, 73, 77, 85, 92, 118, 126, 152]
LETHAL;[104]
LETTER;[101, 103, 112]
LEUCOCYT;[]
LEUKOCYT;[]
LEUKOPENIA;[81]
LEVEL;[4, 19, 47, 51, 65, 98, 107, 107, 107, 152]
LIAISON;[37]
LIBER;[]
LIE;[]
LIFE;[2, 3, 22, 65, 89, 136, 145]
LIGHT;[91]
LIKE;[12, 104, 163]
LIKELIHOOD;[9]
LIKEWIS;[]
LIMIT;[82]
LINCOMYCIN;[86, 86]
LINE;[]
LIP;[58]
LIPID;[14, 126]
LIPOPOLYSACCHARID;[]
LIQUEFACT;[]
LITERATUR;[]
LITTL;[]
LIVER;[59, 59, 59, 63, 63, 98, 98, 99, 149, 149, 149, 165, 165, 165]
LOBE;[56]
LOCAL;[61]
LOCI;[86]
LOCK;[146]
LOCU;[]
LONG;[48, 104, 117, 130]
LONGER;[17, 90, 104]
LOOK;[]
LOOS;[]
LOSE;[76, 86]
LOSS;[24, 24, 24, 86, 86, 89, 98, 134]
LOW;[2, 2, 2, 5, 24, 24, 33, 37, 48, 48, 54, 55, 71, 104, 150]
LOWER;[19, 22, 24, 25, 25, 31, 51, 52, 55, 56, 70, 77, 77, 92, 95, 107, 118, 126, 139, 144, 147, 160]
LOWEST;[22, 47, 47]
LUMIN;[]
LUNG;[17, 20, 20, 22, 24, 24, 24, 24, 24, 32, 32, 50, 55, 62, 62, 63, 63, 64, 64, 64, 87, 87, 89, 107, 135, 144, 163, 166]
LYMPHOCYT;[]
LYMPHOID;[16, 45]
LYSI;[]
MACLEAN;[91]
MACROCONSTITUT;[]
MACROPHAG;[]
MACROSCOP;[]
MADE;[10, 34, 43, 43, 43, 55, 60, 111, 121, 136, 147, 150]
MAGO;[]
MAIN;[8, 17, 46, 63, 64, 133]
MAINLi;[]
MAINTAIN;[]
MAJOR;[19, 43, 71, 100, 100, 152]
MAKE;[127]
MAKe;[]
MALABSORPT;[]
MALARIA;[104]
MALE;[98, 107, 107]
MALFORM;[]
MALIGN;[]
MALNOURISH;[]
MALNUTRIT;[]
MAMMAL;[]
MAN;[46, 46, 50]
MANAG;[]
MANCINI;[48]
MANEUV;[]
MANIFEST;[42, 60, 164]
MANNER;[26, 147]
MANUFACTUR;[]
MANi;[]
MARASMU;[]
MARGIN;[]
MARIN;[]
MARK;[]
MARKEDLi;[]
MARKER;[6, 143]
MARROW;[68, 98, 98]
MASK;[21]
MASS;[16, 95, 120]
MASSIV;[]
MATCH;[]
MATERI;[]
MATERN;[]
MATTER;[101]
MATUR;[]
MAXIM;[60]
MAXIMUM;[1, 20, 24, 24, 70, 70, 74, 90]
MAY;[8, 14, 16, 18, 25, 34, 34, 34, 39, 46, 46, 47, 50, 52, 55, 60, 60, 66, 77, 77, 79, 79, 82, 83, 88, 97, 103, 110, 110, 111, 115, 121, 124, 125, 125, 126, 126, 126, 126, 129, 134, 134, 134, 135, 135, 138, 139, 141, 150, 150, 151, 152, 162]
ME;[19]
MEAL;[]
MEAN;[8, 11, 22, 22, 22, 48, 53, 56, 61, 61, 68, 85, 106, 107, 107, 118, 137, 144, 144, 145, 148, 148]
MEANING;[]
MEASUR;[]
MECHAN;[]
MECONIA;[71]
MECONIUM;[33, 33, 33, 35, 35, 37, 38, 38, 71, 71, 71, 71, 71, 71, 96, 96, 96, 99, 158]
MEDIA;[29, 29, 44, 44, 44, 58, 100, 100, 100]
MEDIAL;[100]
MEDIC;[]
MEDICIN;[]
MEDICOGENET;[]
MEDIUM;[23, 106, 106, 108]
MEFV;[144, 144, 144]
MELLITU;[]
MEMBER;[153]
MEMBRAN;[]
MEN;[107, 107, 107, 107, 107]
MENTAL;[113]
MENTION;[19]
METABOL;[]
METABOLIS;[]
METACHROMASIA;[67, 74, 74, 83, 83, 83, 83, 108, 121]
METAL;[53]
METAPLASIA;[41, 41]
METHIONIN;[]
METHOD;[2, 3, 3, 4, 4, 22, 28, 31, 35, 48, 65, 79, 79, 79, 83, 87, 87, 87, 112, 122, 146, 150, 158, 158]
METHODOLOG;[]
METHYL;[]
MG;[5, 71, 71]
MIC;[152]
MICE;[123]
MICROCONSTITUT;[]
MICROG;[61]
MICROM;[54, 54]
MICROORGAN;[]
MICROSCOPi;[]
MICROSOM;[]
MIDDL;[]
MIDLAND;[]
MIGHT;[7, 60, 79, 83, 91, 104, 107, 109, 116, 126, 140, 147, 163]
MILD;[24, 68, 75, 102, 102]
MILDLi;[]
MILK;[2, 5, 34]
MILLIGRAMM;[]
MILLILIT;[]
MIN;[87, 152]
MINIM;[]
MINOR;[8, 77, 77, 77, 77, 77, 77]
MINU;[]
MINUT;[]
MISCELLAN;[]
MISDIAGNOS;[]
MISLEAD;[]
MISS;[]
MIST;[25, 25, 25, 31, 31, 31, 90, 90]
MISUNDERSTOOD;[105]
MIX;[]
MIXTUR;[]
ML;[5, 61, 93, 93]
MM;[54, 144, 148]
MMEF;[144]
MOBIL;[]
MODE;[102]
MODEL;[67]
MODER;[]
MODIF;[]
MODIFI;[]
MODUL;[]
MOLAR;[139]
MOLECUL;[]
MOLECULAR;[122, 139]
MONGOLOID;[39]
MONITOR;[]
MONOEST;[]
MONOGRAPH;[60]
MONOMER;[]
MONOVAL;[]
MONTH;[50, 65, 65, 65, 159]
MONTHLi;[]
MORBID;[]
MORE;[1, 4, 8, 18, 18, 24, 35, 43, 43, 62, 62, 77, 77, 83, 89, 90, 95, 97, 98, 102, 115, 119, 120, 120, 136, 139, 144, 147, 151, 153]
MOREOV;[]
MORN;[]
MORPHOLOG;[]
MORTAL;[]
MOST;[8, 10, 14, 27, 33, 46, 47, 55, 56, 58, 58, 58, 59, 64, 88, 88, 89, 98, 107, 112, 117, 134, 149, 149, 152]
MOSTLi;[]
MOTHER;[37, 71]
MOTION;[]
MOTOR;[145, 145]
MOUS;[]
MUCH;[63, 83, 90, 104, 134, 147]
MUCIN;[41, 41, 53]
MUCOID;[7, 7, 7, 7, 7, 7, 7, 8, 47, 161, 161, 161, 161, 161]
MUCOPOLYSACCHARID;[]
MUCOPOLYSACCHARIDOS;[]
MUCOPURUL;[]
MUCOS;[]
MUCOSA;[41, 77, 77]
MUCOSUBST;[]
MUCOU;[]
MUCOVISCIDOSI;[]
MUCU;[]
MULTIPL;[]
MULTIVAL;[]
MUSCL;[]
MUSCULAR;[30, 30, 30, 100]
MUST;[17, 56, 76, 104, 117, 120, 135, 136]
MUTANT;[72]
MUTAT;[]
MY;[105]
NAIL;[3, 3, 3, 4, 4, 4, 4, 4, 4, 4]
NARROW;[141]
NASAL;[11, 23, 29, 58, 58, 58]
NATION;[]
NATUR;[]
NAUSEA;[61, 101]
NEAR;[24, 84]
NEARLi;[]
NEBUL;[]
NECESSARILi;[]
NECESSARi;[]
NECESSIT;[]
NECROPSi;[]
NEED;[89, 148, 164]
NEEDL;[]
NEG;[]
NEGLECT;[]
NEGROID;[39]
NEIGHBOR;[134]
NEITHER;[29, 32, 49]
NEONAT;[]
NERV;[]
NET;[124]
NETWORK;[40]
NEURAMIN;[]
NEUROLOG;[]
NEUTRAL;[]
NEUTRON;[3, 4]
NEVER;[6, 112]
NEVERTHELESS;[84, 112, 118]
NEW;[8, 8, 14, 30, 61, 77, 120, 130, 134, 151]
NEWBORN;[22, 22, 71, 71, 105]
NEWLi;[]
NEXT;[111]
NIGHT;[31]
NINE;[49, 108, 144]
NITROBLU;[]
NITROGEN;[89, 89]
NO;[1, 6, 17, 19, 21, 22, 25, 26, 29, 30, 31, 31, 32, 47, 49, 49, 52, 54, 61, 62, 62, 65, 68, 69, 71, 71, 76, 86, 90, 91, 96, 102, 102, 102, 104, 106, 111, 113, 115, 118, 118, 124, 124, 125, 134, 137, 138, 139, 139, 143, 145, 145, 145, 147, 150, 151, 154, 159, 160, 161, 167, 167]
NON;[68]
NONALLERG;[]
NONE;[84, 144]
NONEXIST;[]
NONINVAS;[]
NONLIPOPOLYSACCHARID;[]
NONMUCIN;[]
NONMUCOID;[161, 161, 161, 161]
NONSPECIF;[]
NOR;[29, 103, 124]
NORMAL;[2, 2, 2, 2, 3, 11, 18, 18, 18, 18, 19, 19, 24, 24, 30, 32, 33, 33, 35, 37, 44, 44, 45, 46, 48, 51, 51, 51, 52, 55, 55, 55, 55, 55, 55, 59, 65, 65, 65, 65, 65, 65, 65, 70, 70, 71, 71, 71, 77, 78, 83, 91, 94, 96, 96, 98, 98, 102, 104, 106, 108, 108, 109, 113, 115, 119, 121, 122, 122, 122, 122, 124, 124, 124, 125, 126, 126, 134, 137, 137, 138, 138, 139, 139, 139, 140, 140, 140, 140, 140, 140, 140, 143, 143, 143, 143, 144, 144, 144, 149, 150, 150, 150, 150, 151, 151, 154, 154, 154, 160, 160]
NORMAN;[116]
NORTH;[38]
NOSE;[58]
NOSOCOMI;[]
NOT;[3, 5, 14, 17, 18, 18, 18, 19, 19, 21, 22, 24, 25, 26, 31, 31, 33, 46, 47, 47, 48, 50, 53, 58, 59, 60, 61, 62, 63, 67, 67, 68, 68, 68, 72, 73, 73, 73, 76, 78, 79, 80, 84, 86, 88, 89, 89, 90, 95, 98, 100, 100, 103, 103, 103, 104, 104, 104, 105, 107, 107, 107, 107, 108, 110, 111, 111, 111, 111, 112, 116, 116, 118, 120, 121, 121, 124, 125, 126, 129, 137, 139, 139, 139, 140, 141, 141, 143, 145, 147, 149, 149, 151, 151, 161, 163]
NOTABL;[]
NOTE;[18, 105]
NOTH;[]
NOW;[14, 69, 88, 90, 104, 110, 117, 118]
NUCLEAR;[87]
NUCLEAT;[]
NUCLEIC;[138, 138]
NUCLEOSID;[]
NUMBER;[1, 1, 1, 6, 6, 6, 7, 7, 7, 14, 14, 14, 14, 14, 14, 49, 49, 55, 64, 67, 73, 73, 88, 95, 123, 124, 124, 130, 139, 147]
NUMER;[]
NURS;[]
NURSERI;[]
NUTRIENT;[46, 89]
NUTRIT;[]
NUTRIZYM;[49, 49]
O;[80, 83]
OATMEAL;[34]
OBES;[]
OBJECT;[]
OBLIG;[]
OBLIGATORi;[]
OBSCUR;[]
OBSERV;[]
OBSTETRICIAN;[]
OBSTRUCT;[]
OBTAIN;[87, 125]
OBVIOU;[]
OCCAS;[]
OCCASION;[]
OCCUR;[58, 88, 103, 129]
OCCURR;[]
ODONTOGENESI;[]
OF;[1, 1, 1, 1, 1, 1, 1, 1, 1, 1, 1, 1, 1, 1, 2, 2, 2, 2, 2, 3, 3, 3, 3, 3, 3, 3, 4, 4, 4, 4, 4, 4, 4, 4, 4, 4, 4, 5, 5, 5, 6, 6, 6, 6, 6, 6, 6, 6, 6, 6, 6, 6, 7, 7, 7, 7, 7, 7, 7, 7, 7, 7, 7, 7, 7, 7, 7, 7, 7, 8, 8, 8, 8, 8, 8, 8, 9, 9, 9, 9, 10, 10, 10, 11, 11, 11, 11, 11, 12, 12, 12, 12, 12, 12, 12, 12, 12, 13, 13, 13, 14, 14, 14, 14, 14, 14, 14, 14, 14, 14, 14, 14, 14, 14, 14, 14, 14, 14, 14, 14, 14, 14, 14, 14, 14, 14, 14, 14, 14, 14, 14, 14, 14, 14, 14, 14, 14, 14, 14, 15, 15, 15, 15, 15, 15, 15, 16, 16, 16, 16, 18, 18, 18, 18, 18, 18, 18, 18, 18, 18, 18, 19, 19, 19, 19, 19, 19, 19, 19, 19, 19, 19, 19, 19, 19, 19, 19, 20, 20, 21, 21, 21, 21, 21, 21, 21, 21, 22, 22, 22, 22, 22, 22, 22, 22, 23, 23, 23, 23, 23, 24, 24, 24, 24, 24, 24, 24, 24, 24, 24, 24, 24, 24, 25, 25, 25, 25, 26, 26, 26, 26, 26, 26, 27, 27, 27, 27, 27, 27, 27, 28, 28, 28, 28, 29, 29, 29, 30, 30, 30, 30, 31, 31, 31, 31, 31, 31, 32, 33, 33, 33, 33, 33, 34, 34, 34, 34, 34, 34, 34, 35, 35, 35, 37, 37, 37, 37, 37, 37, 38, 38, 38, 38, 38, 38, 38, 39, 39, 39, 39, 40, 40, 40, 40, 41, 41, 41, 41, 41, 41, 42, 42, 42, 43, 43, 43, 43, 43, 43, 43, 43, 43, 43, 43, 43, 43, 43, 43, 43, 43, 44, 44, 45, 45, 46, 46, 46, 46, 46, 46, 46, 46, 46, 46, 46, 46, 46, 46, 46, 46, 46, 46, 47, 47, 47, 47, 47, 48, 48, 48, 48, 48, 48, 48, 48, 48, 48, 48, 48, 48, 49, 49, 49, 49, 49, 50, 50, 50, 50, 51, 51, 51, 51, 52, 52, 52, 52, 53, 53, 53, 53, 54, 54, 54, 55, 55, 55, 55, 55, 55, 55, 55, 55, 55, 56, 56, 56, 56, 56, 56, 57, 58, 58, 58, 58, 58, 58, 59, 59, 59, 59, 59, 59, 59, 60, 60, 60, 60, 60, 60, 60, 60, 60, 60, 61, 61, 61, 61, 61, 61, 61, 61, 62, 62, 62, 62, 63, 63, 63, 63, 63, 63, 63, 63, 64, 64, 64, 64, 65, 65, 65, 65, 65, 65, 65, 65, 65, 65, 66, 66, 66, 66, 66, 66, 66, 66, 66, 66, 66, 67, 67, 67, 67, 67, 67, 67, 67, 67, 67, 67, 67, 67, 67, 67, 68, 68, 69, 69, 69, 69, 69, 69, 69, 70, 70, 71, 71, 71, 71, 71, 71, 71, 71, 71, 71, 71, 71, 71, 71, 71, 71, 72, 72, 72, 72, 72, 72, 72, 72, 73, 73, 73, 73, 73, 74, 74, 74, 74, 74, 74, 75, 75, 75, 75, 75, 75, 76, 76, 76, 76, 76, 77, 77, 77, 77, 77, 77, 77, 77, 77, 77, 77, 77, 77, 77, 77, 77, 78, 78, 78, 79, 79, 79, 79, 79, 79, 79, 79, 79, 79, 80, 80, 80, 80, 80, 80, 80, 81, 81, 81, 81, 81, 81, 81, 81, 82, 82, 82, 82, 83, 83, 83, 83, 83, 83, 84, 84, 84, 84, 84, 84, 84, 84, 85, 85, 85, 86, 86, 86, 86, 86, 86, 86, 87, 87, 88, 88, 88, 88, 88, 89, 89, 89, 89, 89, 89, 89, 89, 90, 91, 91, 91, 91, 91, 91, 92, 92, 92, 93, 93, 93, 93, 93, 93, 93, 93, 93, 93, 93, 93, 93, 95, 95, 95, 95, 95, 95, 95, 95, 95, 95, 95, 95, 95, 95, 96, 96, 96, 96, 96, 96, 96, 97, 97, 97, 97, 97, 98, 98, 98, 98, 98, 98, 98, 98, 98, 98, 98, 99, 99, 99, 99, 99, 100, 100, 100, 100, 100, 100, 100, 100, 100, 100, 100, 100, 100, 100, 100, 101, 101, 101, 101, 101, 101, 101, 102, 102, 102, 102, 102, 102, 102, 102, 102, 102, 102, 102, 102, 102, 103, 103, 103, 103, 103, 103, 103, 104, 104, 104, 104, 104, 104, 104, 104, 104, 105, 105, 105, 106, 106, 106, 106, 106, 106, 106, 106, 107, 107, 107, 107, 107, 107, 107, 107, 107, 107, 108, 108, 108, 108, 108, 109, 109, 109, 109, 109, 109, 109, 110, 110, 110, 110, 111, 111, 111, 111, 111, 111, 111, 111, 111, 111, 111, 111, 111, 111, 111, 111, 112, 112, 112, 112, 112, 112, 113, 113, 113, 114, 114, 114, 114, 115, 116, 116, 116, 117, 117, 117, 117, 117, 117, 118, 118, 118, 118, 118, 118, 119, 119, 119, 120, 120, 120, 120, 120, 120, 121, 121, 121, 121, 121, 121, 121, 121, 121, 122, 122, 122, 122, 122, 122, 122, 122, 123, 123, 123, 123, 123, 124, 124, 124, 124, 124, 124, 124, 124, 125, 125, 125, 125, 126, 126, 126, 126, 126, 126, 126, 126, 126, 126, 126, 126, 127, 127, 127, 129, 130, 130, 130, 130, 130, 130, 130, 131, 131, 131, 133, 133, 133, 133, 133, 133, 134, 134, 134, 134, 134, 134, 134, 135, 135, 136, 136, 136, 137, 137, 137, 137, 137, 137, 137, 137, 137, 137, 137, 137, 138, 138, 138, 138, 138, 139, 139, 139, 139, 139, 139, 139, 139, 139, 139, 139, 139, 139, 139, 140, 140, 140, 140, 140, 140, 140, 140, 140, 141, 141, 141, 141, 141, 141, 141, 141, 141, 141, 141, 141, 141, 141, 141, 141, 141, 141, 141, 141, 141, 141, 141, 142, 143, 143, 143, 143, 143, 143, 143, 143, 143, 144, 144, 144, 144, 144, 145, 145, 145, 145, 145, 145, 145, 145, 146, 146, 146, 146, 146, 147, 147, 147, 147, 147, 147, 148, 148, 148, 148, 148, 149, 149, 149, 149, 149, 149, 150, 150, 150, 150, 150, 150, 150, 150, 151, 151, 151, 151, 151, 152, 152, 152, 152, 153, 153, 153, 153, 153, 153, 154, 154, 154, 154, 155, 155, 155, 155, 155, 156, 156, 156, 157, 157, 157, 157, 158, 159, 159, 159, 159, 160, 160, 161, 161, 161, 161, 161, 162, 162, 162, 162, 162, 162, 162, 163, 163, 163, 163, 163, 163, 163, 163, 163, 164, 164, 164, 164, 164, 164, 164, 165, 165, 165, 165, 165, 165, 165, 165, 165, 165, 165, 165, 165, 165, 165, 165, 165, 165, 165, 165, 165, 165, 166, 166, 166, 167, 167, 167, 167]
OFFER;[98, 112]
OFTEN;[24, 37, 46, 56, 58, 64, 72, 82, 98, 101, 103, 163]
OIL;[126]
OLD;[4, 18, 48]
OLDER;[48, 58, 89, 145, 165]
OMISS;[]
ON;[1, 3, 6, 7, 7, 9, 11, 11, 11, 12, 15, 15, 17, 19, 19, 19, 19, 21, 22, 23, 27, 28, 29, 30, 38, 38, 40, 40, 40, 43, 43, 43, 43, 46, 48, 48, 49, 49, 52, 60, 61, 64, 69, 70, 71, 75, 81, 87, 88, 93, 94, 95, 105, 107, 108, 112, 115, 115, 115, 115, 118, 118, 121, 121, 123, 123, 123, 123, 130, 131, 134, 135, 141, 141, 141, 149, 149, 162, 165, 165, 165, 165, 165]
ONE;[1, 2, 3, 6, 7, 8, 8, 13, 15, 41, 43, 47, 50, 56, 66, 69, 70, 72, 74, 76, 80, 87, 94, 103, 103, 104, 118, 120, 121, 125, 133, 134, 135, 141, 141, 141, 159]
ONLi;[]
ONSET;[111, 148]
ONWARD;[43]
OPER;[]
OPPORTUN;[]
OPPOSIT;[]
OPSON;[]
OPSONIN;[]
OPTIM;[]
OPTIMUM;[53]
OR;[8, 18, 18, 18, 18, 19, 26, 29, 31, 31, 31, 31, 31, 37, 37, 37, 43, 46, 46, 47, 47, 47, 52, 55, 55, 55, 58, 58, 60, 60, 61, 69, 69, 69, 75, 78, 78, 80, 80, 81, 88, 89, 89, 89, 90, 90, 91, 93, 94, 96, 97, 97, 98, 100, 100, 100, 105, 107, 108, 108, 112, 112, 112, 112, 118, 118, 119, 120, 120, 120, 122, 123, 125, 126, 126, 131, 134, 135, 136, 137, 137, 137, 137, 137, 137, 137, 137, 137, 137, 137, 138, 138, 138, 138, 138, 139, 139, 139, 139, 139, 139, 145, 147, 150, 150, 152, 152, 153, 154, 159, 163, 165]
ORAL;[15, 15, 19, 19]
ORBIT;[]
ORDER;[56, 104, 121, 125]
ORGAN;[17, 23]
ORGANEL;[]
ORGANIS;[]
ORIENT;[]
ORIGIN;[32, 39, 67, 88, 99, 149, 150, 163]
ORION;[65, 65]
OSCILLATORi;[]
OSMOT;[]
OTHER;[6, 8, 8, 12, 14, 17, 19, 33, 38, 43, 46, 47, 56, 62, 62, 63, 81, 81, 83, 100, 100, 101, 104, 107, 108, 110, 110, 110, 111, 116, 118, 120, 135, 141, 143, 162, 166]
OTHERWIS;[]
OTITI;[]
OUABAIN;[124, 125]
OUR;[14, 18, 18, 18, 19, 19, 48, 71, 72, 88, 91, 96, 101, 107, 110, 111, 112, 115, 116, 122, 141, 146, 147]
OUT;[2, 4, 28, 29, 37, 43, 61, 80, 106, 107, 111, 112, 131]
OUTCOM;[]
OUTLIN;[]
OUTWEIGH;[120]
OVER;[2, 22, 27, 30, 38, 42, 47, 47, 47, 47, 51, 58, 77, 77, 79, 86, 106]
OVERLAP;[3, 107, 108, 121]
OVERLOAD;[]
OVERT;[59]
OWN;[123]
OWe;[]
OX;[104]
OXID;[]
OXYGEN;[20, 135, 144, 144]
P;[62, 62, 62, 62, 93, 107, 108, 123, 144, 144, 161, 161, 161]
PAEDIATR;[]
PAEDIATRICIAN;[37]
PAIN;[58, 58, 95, 149]
PAKISTANI;[39]
PALAD;[]
PALAT;[]
PALMAR;[119]
PANCREA;[]
PANCREAT;[]
PANCREATICOGRAPH;[]
PANCREX;[49]
PANETH;[41, 41, 41, 41, 41, 41]
PAPER;[62, 63, 63, 64, 70, 78, 154]
PARADOX;[84]
PARALLEL;[81, 83]
PARAMET;[]
PARENT;[69, 127, 127, 134]
PARENTER;[]
PAROTID;[137, 137, 137]
PART;[27, 37, 77, 139]
PARTIAL;[34, 108, 121]
PARTICIP;[]
PARTICULAR;[104, 120]
PARTICULARLi;[]
PARTLi;[]
PASS;[37]
PASSAG;[]
PASSIV;[]
PAST;[14, 14, 21, 42, 73, 104]
PAT;[]
PATERN;[]
PATHOGEN;[110, 160]
PATHOGENESI;[]
PATHOLOG;[]
PATHOPHYSIOLOG;[]
PATHWAY;[]
PATIENT;[10, 12, 12, 12, 34, 43, 43, 50, 62, 63, 69, 86, 86, 90, 93, 109, 111, 134, 135, 135, 136, 150]
PATTERN;[8, 12, 40, 45, 106, 134]
PEAK;[152]
PECULIAR;[95]
PEDIATR;[]
PEDIATRICIAN;[146]
PEDIGRE;[]
PENICILLINAS;[]
PEOPL;[]
PEPTID;[]
PER;[5, 6, 7, 8, 8, 8, 8, 8, 8, 8, 8, 8, 8, 8, 8, 8, 8, 8, 8, 8, 8, 23, 24, 55, 61, 71, 88, 88, 93, 93, 93, 123, 130, 143]
PERCENT;[61, 61, 61, 163, 163]
PERCENTAG;[]
PERFORM;[34, 79, 87]
PERFUS;[]
PERHAP;[]
PERIOD;[3, 7, 8, 8, 13, 22, 23, 30, 38, 75, 77, 91, 131, 148]
PERIPHER;[]
PERITON;[]
PERMIT;[77, 108]
PERPLEX;[]
PERSIST;[]
PERSON;[4]
PF;[86, 86, 86]
PH;[19, 53, 119, 119, 119, 131, 139, 139, 139, 141, 141]
PHA;[55]
PHAGOCYT;[]
PHAGOCYTOSI;[]
PHASE;[1, 1]
PHENOMENON;[74, 83, 115, 167]
PHENOTYP;[]
PHENYLKETONURIA;[69, 76, 120, 153]
PHOSPHAT;[]
PHOSPHATAS;[]
PHOSPHORU;[]
PHOTOGRAPH;[]
PHOTOMETRi;[]
PHYSIC;[]
PHYSICIAN;[58, 134]
PHYSIOLOG;[]
PICTORI;[]
PIF;[144, 144, 144, 144]
PIGMENT;[30]
PILOT;[120, 120]
PINOCYTOSI;[]
PITFAL;[]
PITOT;[125]
PIZZ;[71, 71, 71]
PLACE;[65, 84]
PLACEBO;[30, 30]
PLAIN;[37]
PLAN;[58]
PLASMA;[19, 19, 19, 26, 26, 26, 30, 33, 70, 70, 70, 92, 92, 108, 140, 141, 141, 141, 141, 141, 141, 141, 141, 165, 165, 165, 165]
PLASMID;[86, 86, 86, 86, 86, 86]
PLASTIC;[146]
PLATEAU;[47, 47]
PLAY;[135, 139]
PLETHORA;[84]
PLETHYSMOGRAPH;[]
PLETHYSMOGRAPHi;[]
PLOT;[47, 47]
PLU;[]
PLUMP;[103]
PNEUMON;[]
PNEUMONIA;[88]
PNEUMOPERITONEUM;[37]
PNEUMOTHORAX;[17]
POINT;[8, 13, 119, 119, 144, 144]
POLYACRYLAMID;[]
POLYM;[]
POLYMORPH;[]
POLYP;[15, 15, 23, 23]
POLYPECTOMi;[]
POLYPOID;[15]
POLYVAL;[]
POOL;[134]
POOPER;[]
POOR;[48, 70]
POORLi;[]
POPUL;[]
POSIT;[]
POSSIBL;[]
POSSIBl;[]
POSTUR;[]
POTASSIUM;[66]
POTATO;[73]
POTENT;[146]
POTENTI;[]
PRACTIC;[]
PRACTITION;[]
PREALBUMIN;[55]
PRECED;[]
PRECIPIT;[]
PRECIPITIN;[]
PRECIS;[]
PREDECESSOR;[58]
PREDICT;[]
PREDISPOS;[]
PREDOMIN;[]
PREDOMINANTLi;[]
PREFER;[]
PREGNANC;[]
PREINCUB;[]
PRELIMINARi;[]
PREMATUR;[]
PRENAT;[]
PREPAR;[]
PRESBYTERIAN;[30]
PRESECRET;[]
PRESENC;[]
PRESENT;[14, 16, 19, 28, 37, 37, 39, 39, 40, 47, 55, 59, 59, 63, 67, 69, 77, 80, 89, 95, 97, 100, 103, 103, 110, 117, 120, 120, 125, 131, 139, 145, 146, 149, 160, 162, 163, 163]
PRESUM;[]
PRESUMPT;[]
PREVAL;[]
PREVENT;[135]
PREVIOU;[]
PREVIOUS;[52, 105, 108]
PRIDE;[84]
PRIMARILi;[]
PRIMARi;[]
PRINCIP;[]
PRINCIPL;[]
PRIOR;[14, 105, 151]
PROBABL;[]
PROBLEM;[29, 98, 104, 133, 146]
PROCE;[]
PROCEDUR;[]
PROCESS;[67, 92, 156]
PRODUC;[]
PRODUCT;[49]
PROFESSION;[]
PROFESSOR;[103, 103, 115, 116]
PROGNOSI;[]
PROGNOST;[]
PROGRAMM;[]
PROGRESS;[77, 112, 120]
PROJECT;[]
PROLIFER;[]
PROLONG;[]
PROMIN;[]
PROMIS;[]
PROMPT;[92]
PRONAS;[]
PROPER;[95, 156]
PROPERTI;[]
PROPERTi;[]
PROPORT;[]
PROPOS;[]
PROSPECT;[]
PROSTAGLANDIN;[]
PROSTHET;[]
PROTECT;[]
PROTEIN;[5, 34, 34, 55, 62, 62, 63, 63, 63, 63, 63, 63, 71, 71, 81, 98, 98, 98, 101, 104, 119, 139, 139, 165]
PROTEOLYT;[]
PROTEU;[]
PROTON;[]
PROVE;[14, 143, 147]
PROVID;[]
PROVIS;[]
PROWAZEKI;[104, 104]
PROXIM;[]
PS;[6, 6, 6, 6, 6, 6, 7, 7, 7, 7, 7, 8, 8, 8, 8, 110, 159, 159]
PSEUDOMONA;[]
PSYCHOLOG;[]
PSYCHOSOCI;[]
PUBLIC;[]
PUBLISH;[]
PULMONAL;[]
PULMONARi;[]
PULP;[115]
PURIFI;[]
PURIFi;[]
PURPOS;[]
PURUL;[]
PWM;[55]
PYOCIN;[79, 79, 79]
QUADRANT;[95]
QUALIT;[]
QUANTATIT;[]
QUANTIT;[]
QUANTITI;[]
QUANTITi;[]
QUESTION;[121]
QUESTIONNAIR;[]
QUISSEL;[]
QUIT;[]
R;[93]
RABBIT;[18, 18, 18, 18]
RACE;[]
RACIAL;[39]
RADIAL;[35, 102, 158]
RADIC;[]
RADIOGRAPH;[155]
RADIOLOG;[]
RAIS;[]
RANDOMLi;[]
RANG;[]
RANK;[]
RAO;[19, 26, 26]
RAPID;[14, 14, 83, 87, 131, 165]
RAPIDLi;[]
RARE;[12, 17, 46, 62, 62, 69, 88, 96, 134]
RARITi;[]
RAT;[137, 137]
RATE;[7, 8, 8, 8, 8, 38, 47, 66, 73, 86, 86, 137, 147, 147, 147, 147, 147]
RATHER;[18, 58, 98, 110, 119, 125, 153]
RATIO;[6, 20, 23, 62, 63, 137, 143, 144, 155]
RATION;[]
RATIONAL;[67]
RATIONALIS;[]
RBC;[140, 140, 140, 140, 140, 140, 140, 140]
REABSORPT;[]
REACH;[2]
REACTION;[104]
REACTIV;[]
READILi;[]
REAL;[161]
REALLi;[]
REASON;[8, 119]
REBREATH;[]
RECEIV;[]
RECENT;[39, 88, 90, 94, 101, 147]
RECEPTOR;[6]
RECESS;[]
RECOGN;[]
RECOGNIT;[]
RECOGNIZ;[]
RECOIL;[24, 24, 24, 24]
RECOLON;[]
RECOMMEND;[]
RECORD;[103]
RECOV;[]
RECOVERi;[]
RECTUM;[41]
RECUR;[]
RECURR;[]
RED;[6, 44, 118]
REDEFIN;[]
REDUC;[]
REDUCT;[]
REDUCTAS;[]
REFER;[]
REFIN;[]
REFLECT;[8, 55, 118, 126]
REFUT;[]
REGARD;[149, 152, 160]
REGION;[47, 47]
REGULAR;[40, 43]
REGULARLi;[]
REINFECT;[]
REINFORC;[]
REINSTITUT;[]
REL;[]
RELAT;[]
RELATIONSHIP;[12, 91]
RELEAS;[]
RELEV;[]
RELIABL;[]
RELIABl;[]
REMAIN;[117]
REMAIND;[]
REMARK;[]
REMOV;[]
RENAL;[46, 116]
REPEAT;[]
REPLAC;[]
REPORT;[10, 42, 94, 94, 96, 96, 98, 121, 130, 146]
REPRES;[]
REPRODUC;[]
REPRODUCT;[]
REPUBL;[]
REQUIR;[]
RESEARCH;[76, 84, 112, 112, 127, 133]
RESECT;[]
RESEMBL;[]
RESERV;[]
RESID;[]
RESIDU;[]
RESIST;[]
RESOLUT;[]
RESOLV;[]
RESOURC;[]
RESPECT;[90]
RESPIRATORi;[]
RESPOND;[18, 112]
RESPONS;[]
REST;[65, 67]
RESTRICT;[]
RESULT;[4, 30, 84, 92, 101, 107, 126]
RETAIN;[]
RETARD;[50]
RETENT;[]
RETICULUM;[78]
RETINOL;[165, 165, 165, 165, 165]
RETINYL;[165]
RETROGRAD;[]
RETROSPECT;[]
RETURN;[]
REVEAL;[]
REVERS;[]
REVIEW;[14, 60, 84, 95, 97, 111, 165]
RHEOGONIOMET;[]
RHINITI;[]
RICKETTSIA;[104]
RIGHT;[56, 95]
RISE;[48, 102]
RISK;[4, 8, 14, 120, 142]
RNA;[137, 137, 137, 137, 138, 138, 143, 143, 143, 143, 143, 143]
ROBERTSON;[121, 121]
ROCH;[]
ROENTGENOGRAPHi;[]
ROENTGENOLOG;[]
ROLE;[81, 81, 135, 139, 153, 162]
ROOT;[]
ROSE;[2, 2, 2, 131]
ROUTIN;[]
RRNA;[138, 143, 143, 143, 143]
RUBBER;[146]
RULE;[]
RUMIN;[]
RUSSEL;[]
S;[102, 143, 143, 143, 143, 143, 143, 143]
SACH;[]
SALIN;[]
SALIVA;[2, 19, 40, 40, 77, 114, 137, 137, 137, 139, 139, 139, 139, 141]
SALIVARi;[]
SALT;[18, 96, 103, 109, 119, 135]
SAME;[4, 4, 7, 9, 12, 14, 55, 100, 102, 124]
SAMPL;[]
SANT;[103]
SATISFACTORi;[]
SAVE;[154]
SCALE;[65, 145]
SCALP;[146]
SCALe;[]
SCAN;[149, 149, 149, 149, 149]
SCATTER;[2]
SCHOOL;[113]
SCIENTIF;[]
SCINTIGRAPH;[]
SCINTIL;[]
SCINTIPHOTOGRAPH;[]
SCOPE;[56, 77]
SCORE;[11]
SCORe;[]
SCOTLAND;[73, 73, 73, 73, 73]
SCREEN;[148]
SD;[137, 144]
SE;[24]
SEA;[109]
SEAL;[]
SEARCH;[13]
SEC;[22, 22, 22]
SECOND;[58, 137]
SECONDARi;[]
SECRET;[]
SECRETORi;[]
SECTION;[14, 157]
SEE;[]
SEEM;[89, 104]
SEEN;[21, 100, 109, 115, 124]
SELECT;[]
SELL;[]
SEMIN;[]
SEMIQUANTIT;[]
SENSIT;[]
SENSORi;[]
SEPAR;[]
SEPSI;[]
SEPTRIN;[123]
SERA;[1, 1, 7, 7, 18, 18, 18, 48, 51, 51, 51, 55, 59, 59, 59, 59, 85, 102, 107, 122, 122, 122, 122, 150]
SERI;[]
SERIN;[]
SERIOU;[]
SERIOUS;[37, 69]
SEROLOG;[]
SERUM;[1, 1, 1, 6, 11, 18, 18, 18, 18, 18, 18, 18, 19, 19, 19, 34, 55, 55, 55, 55, 55, 55, 55, 55, 59, 61, 62, 62, 62, 62, 63, 63, 63, 63, 63, 63, 63, 63, 67, 68, 71, 71, 71, 71, 71, 71, 85, 85, 85, 85, 85, 98, 98, 102, 104, 106, 107, 114, 114, 114, 118, 126, 126, 126, 140, 150, 150, 150, 150, 150, 152, 160, 160, 163, 163]
SERV;[]
SERVIC;[]
SESSION;[93]
SET;[83, 146]
SEVEN;[97, 100, 100, 100, 100, 108, 164]
SEVENTi;[]
SEVER;[]
SEX;[14, 65, 102, 118]
SEXUAL;[22, 42]
SHAKEN;[131]
SHARE;[]
SHARPLi;[]
SHE;[91]
SHEAR;[47, 47, 47, 47]
SHEEP;[6]
SHIELD;[]
SHORT;[27]
SHORTEN;[]
SHORTLi;[]
SHOULD;[3, 10, 43, 50, 56, 58, 67, 76, 83, 88, 89, 90, 94, 104, 117, 120, 120, 125, 135, 135]
SHOW;[8, 47, 47, 66, 82, 106, 116, 123, 141, 147, 147, 151, 161]
SHOWN;[18, 29, 33, 40, 48, 79, 86, 108, 113, 139]
SHWACHMAN;[11]
SIBL;[]
SIBSHIP;[9]
SIDE;[61, 159]
SIGHT;[76]
SIGN;[109, 115]
SIGNIFIC;[]
SIGNIFICANTLi;[]
SIMILAR;[11, 12, 13, 22, 23, 43, 53, 77, 83, 94, 94, 100, 103, 106, 113, 137, 138, 140, 143, 143, 144]
SIMILARLi;[]
SIMPL;[]
SIMPLER;[83]
SIMPLEST;[118]
SIMPLIC;[]
SIMPLIST;[]
SIMUL;[]
SIMULTAN;[]
SINC;[]
SINGL;[]
SINOPULMONARi;[]
SINU;[]
SINUS;[16, 58, 58]
SIPUNCULU;[]
SISTER;[39]
SITE;[61, 77, 77]
SITUAT;[]
SIX;[2, 19, 61, 74, 80, 103, 141, 148]
SIXFOLD;[92]
SIZE;[86, 86, 86, 87, 123]
SKELET;[]
SKIN;[11, 53, 65, 74, 103, 105, 105, 105, 109, 109, 109, 115, 115, 115, 116, 119]
SLEPT;[31]
SLIGHTLi;[]
SLIMi;[]
SLOWLi;[]
SM;[]
SMALL;[4, 16, 34, 34, 37, 93, 100, 135, 139, 144, 144, 150, 164]
SMALLER;[46, 49]
SMOOTH;[30]
SO;[69, 110, 137]
SOAK;[]
SOAPi;[]
SOCIAL;[43, 127, 145, 145]
SOCIETi;[]
SOCIOECONOM;[]
SODIUM;[3, 4, 4, 4, 4, 4, 4, 4, 4, 19, 66, 91, 91, 94, 124, 124, 126, 137, 137, 137]
SOLUBIL;[]
SOLUBl;[]
SOLUT;[]
SOMAT;[]
SOME;[11, 14, 18, 25, 41, 46, 47, 60, 63, 76, 78, 79, 88, 104, 104, 104, 104, 111, 117, 117, 118, 137, 152, 163, 165, 165]
SOMETIM;[]
SOUND;[]
SOURC;[]
SOUTH;[38, 73, 104]
SOUTHMEAD;[37]
SOYBEAN;[26, 126, 141]
SP;[61, 61, 152]
SPARS;[]
SPASMOD;[]
SPECI;[]
SPECIAL;[43, 165, 165, 165]
SPECIF;[]
SPECIMEN;[135]
SPECTRA;[126]
SPECTRUM;[152]
SPECUL;[]
SPENT;[44]
SPHERE;[]
SPHERUL;[]
SPINA;[117]
SPIROMETRi;[]
SPITE;[27, 50]
SPLENIC;[149]
SPONTAN;[]
SPREAD;[]
SPRINKL;[]
SPRUE;[9, 9]
SPUTA;[47]
SPUTUM;[27, 31, 31, 31, 31, 31, 31, 31, 31, 47, 47, 47, 47, 47, 55, 55, 55, 61, 61, 61, 80, 102, 110, 111, 161, 161, 161]
SRAW;[22, 22, 22, 22, 22, 22]
STABIL;[]
STABL;[]
STAFFORDSHIR;[]
STAIN;[]
STAND;[]
STANDARD;[48, 77, 77, 77, 93, 111, 144, 155]
STANDARDIS;[]
STAPH;[110, 110, 152]
STAPHOLOCOCC;[]
STAPHYLOCOCC;[]
STAPHYLOCOCCU;[]
STAPL;[]
STATE;[18, 48, 60, 81, 89, 89, 89, 103, 104, 122, 122, 138]
STATEMENT;[56]
STATIST;[]
STATU;[]
STAY;[31]
STEADi;[]
STEATORRHEA;[89, 135]
STEATORRHOEA;[30, 49]
STELLAR;[40]
STEM;[43]
STEP;[46, 125, 125]
STI;[141, 141, 141, 141]
STICKi;[]
STIFF;[]
STILL;[8, 47, 121]
STIMUL;[]
STIMULI;[56, 60]
STOOL;[49, 98, 134, 134]
STORAG;[]
STORE;[]
STRAIN;[43, 86, 86]
STRENGTH;[30, 30]
STREPTOCOCCI;[152]
STRESS;[]
STRIKINGLi;[]
STRIP;[33]
STRONGLi;[]
STRUCTUR;[]
STUDENT;[107]
STUDI;[]
STUDi;[]
SUBCELLULAR;[165]
SUBCLIN;[]
SUBJECT;[22]
SUBLINGU;[]
SUBMANDIBULAR;[40, 40, 137]
SUBMAXILLARi;[]
SUBMAXILLIARi;[]
SUBMIT;[]
SUBMUCOS;[]
SUBSEQU;[]
SUBSTANC;[]
SUBSTANTI;[]
SUBSTITUT;[]
SUBSTRAT;[]
SUCCESS;[]
SUCH;[2, 10, 12, 14, 37, 43, 46, 58, 69, 72, 77, 78, 81, 81, 81, 81, 83, 83, 87, 88, 90, 90, 90, 104, 108, 111, 117, 118, 135, 136, 143, 163]
SUFFER;[]
SUFFICI;[]
SUGGEST;[31, 71, 77, 83, 90, 94, 95, 98, 98, 104, 105, 106, 107, 118, 125, 126, 147, 151]
SUITABL;[]
SULFAT;[]
SULPHAMETHOXAZOL;[]
SULPHAT;[]
SULPHON;[]
SULPHOSALICYL;[]
SUMMAR;[]
SUPERIMPOS;[]
SUPPLANT;[]
SUPPLEMENT;[97]
SUPPLI;[]
SUPPORT;[43, 45, 49, 92, 118, 145, 154]
SURE;[]
SURFAC;[]
SURGERi;[]
SURGIC;[]
SURPRIS;[]
SURVEIL;[]
SURVEY;[29]
SURVIV;[]
SUSCEPT;[]
SUSPECT;[58]
SUSPENS;[]
SWAB;[161, 161, 161]
SWEAT;[4, 32, 65, 65, 65, 65, 66, 66, 83, 88, 91, 91, 91, 91, 91, 94, 94, 95, 96, 96, 103, 119, 124, 125, 126, 137, 147, 147, 147, 147]
SYMPATHOMIMET;[]
SYMPTOM;[56, 97, 98, 98, 98, 98]
SYNDROM;[]
SYNERGIST;[]
SYNTHESI;[]
SYSTEM;[67, 81, 87, 102, 106, 114, 133, 135]
SYSTEMAT;[]
T;[6, 6, 6, 6, 6, 107, 107]
TABL;[]
TABLET;[]
TAKE;[]
TAKEN;[48]
TAP;[109, 116, 116]
TARGET;[17]
TASK;[]
TAUSSIG;[12]
TAX;[]
TEACHER;[127]
TEAM;[43, 153]
TEAR;[]
TECHNIC;[]
TECHNIQU;[]
TEDIOU;[]
TEENAG;[]
TEETH;[75, 75]
TELANGIECTASI;[]
TEMPER;[]
TEMPOR;[]
TEMPORARi;[]
TEMPT;[]
TEN;[2, 55, 130]
TEND;[81]
TENSION;[]
TENT;[31, 31, 31, 31]
TENTH;[152]
TERM;[48, 66]
TERMIN;[]
TEST;[3, 24, 24, 28, 33, 38, 60, 65, 67, 69, 69, 71, 77, 77, 77, 77, 77, 94, 94, 95, 104, 107, 109, 111, 111, 111, 111, 113, 116, 135, 144, 145, 145, 148]
TETRACYCLIN;[]
TETRAZOLIUM;[111]
TEXT;[87]
THAN;[1, 4, 7, 7, 11, 18, 18, 18, 18, 19, 20, 22, 22, 24, 48, 51, 59, 62, 62, 62, 62, 65, 70, 71, 73, 73, 73, 77, 85, 85, 89, 104, 104, 106, 107, 107, 107, 107, 108, 110, 113, 115, 118, 118, 118, 118, 119, 120, 120, 125, 126, 139, 144, 144, 150, 151, 152, 152, 160]
THAT;[1, 4, 4, 7, 8, 9, 12, 12, 14, 14, 14, 15, 18, 18, 18, 18, 19, 19, 19, 19, 19, 23, 23, 24, 24, 24, 25, 27, 27, 31, 31, 33, 34, 34, 37, 41, 43, 43, 45, 46, 46, 46, 47, 47, 47, 48, 50, 51, 51, 58, 59, 60, 60, 60, 61, 62, 63, 63, 66, 67, 67, 68, 69, 71, 73, 76, 76, 76, 77, 77, 77, 77, 77, 77, 80, 83, 84, 85, 85, 85, 86, 87, 89, 90, 90, 91, 92, 94, 95, 97, 97, 97, 98, 98, 98, 98, 101, 103, 103, 103, 104, 104, 104, 104, 105, 107, 107, 107, 107, 108, 109, 109, 109, 110, 110, 111, 111, 111, 112, 112, 112, 113, 115, 115, 116, 116, 118, 118, 118, 118, 119, 120, 121, 122, 122, 122, 123, 125, 125, 126, 126, 126, 134, 134, 134, 134, 137, 137, 137, 140, 140, 140, 142, 143, 145, 147, 151, 154, 154, 160, 160, 161, 163, 163, 163, 163, 163, 163, 164, 166]
THE;[1, 1, 1, 1, 1, 1, 1, 1, 1, 1, 1, 1, 1, 1, 1, 1, 1, 1, 1, 1, 2, 2, 2, 3, 3, 3, 3, 3, 3, 3, 4, 4, 4, 4, 4, 4, 4, 4, 4, 4, 4, 4, 4, 4, 4, 5, 5, 5, 5, 5, 5, 6, 6, 6, 6, 6, 6, 6, 6, 6, 6, 6, 6, 6, 6, 6, 7, 7, 7, 7, 7, 7, 7, 7, 7, 7, 7, 7, 7, 7, 7, 7, 7, 7, 7, 7, 8, 8, 8, 8, 8, 8, 8, 8, 8, 8, 8, 8, 8, 8, 8, 8, 9, 9, 9, 9, 9, 10, 10, 10, 10, 11, 11, 11, 11, 11, 11, 11, 11, 11, 12, 12, 12, 12, 12, 12, 12, 13, 13, 13, 13, 14, 14, 14, 14, 14, 14, 14, 14, 14, 14, 14, 14, 14, 14, 14, 14, 14, 14, 14, 14, 14, 14, 15, 15, 15, 15, 15, 15, 16, 16, 17, 17, 17, 17, 18, 18, 18, 18, 18, 18, 18, 18, 18, 18, 19, 19, 19, 19, 19, 19, 19, 19, 19, 19, 19, 19, 19, 19, 19, 19, 19, 19, 19, 20, 20, 20, 21, 21, 22, 22, 22, 22, 22, 22, 22, 23, 23, 23, 23, 24, 24, 24, 24, 24, 24, 24, 24, 24, 24, 25, 25, 26, 26, 26, 26, 26, 26, 26, 26, 26, 27, 27, 27, 27, 27, 27, 27, 27, 27, 27, 28, 28, 28, 28, 28, 29, 29, 30, 30, 30, 30, 30, 30, 31, 31, 31, 31, 31, 31, 31, 31, 31, 31, 31, 32, 32, 32, 33, 34, 34, 34, 34, 34, 34, 34, 34, 34, 34, 35, 35, 35, 37, 37, 37, 37, 37, 37, 37, 37, 38, 38, 38, 38, 38, 39, 39, 39, 39, 39, 39, 41, 41, 41, 41, 42, 42, 42, 43, 43, 43, 43, 43, 43, 43, 43, 43, 43, 43, 43, 43, 43, 43, 43, 43, 43, 43, 44, 44, 44, 45, 45, 45, 46, 46, 46, 46, 46, 46, 46, 46, 46, 46, 46, 46, 47, 47, 47, 47, 47, 47, 47, 48, 48, 48, 48, 48, 48, 48, 49, 49, 49, 49, 49, 50, 50, 51, 51, 51, 51, 51, 51, 51, 52, 52, 52, 52, 52, 52, 52, 52, 52, 52, 52, 53, 53, 53, 53, 53, 53, 54, 54, 55, 55, 55, 55, 55, 55, 55, 55, 55, 55, 55, 55, 55, 56, 56, 56, 56, 57, 58, 58, 58, 58, 58, 58, 58, 58, 58, 60, 60, 60, 60, 60, 60, 60, 60, 60, 60, 60, 60, 61, 61, 61, 61, 61, 62, 62, 62, 62, 62, 62, 63, 63, 63, 63, 63, 63, 63, 63, 63, 64, 64, 64, 64, 64, 64, 65, 65, 65, 65, 65, 65, 65, 65, 65, 65, 65, 65, 65, 65, 65, 65, 66, 66, 66, 66, 66, 66, 66, 66, 66, 67, 67, 67, 67, 67, 67, 67, 67, 67, 67, 67, 67, 67, 67, 67, 68, 69, 69, 69, 69, 69, 69, 69, 69, 69, 70, 70, 70, 70, 70, 71, 71, 71, 71, 71, 71, 71, 71, 71, 71, 71, 71, 71, 71, 71, 71, 71, 71, 72, 72, 72, 72, 72, 72, 72, 72, 72, 72, 72, 72, 72, 73, 73, 73, 73, 73, 73, 73, 73, 73, 73, 73, 73, 73, 73, 73, 73, 73, 74, 74, 74, 74, 74, 74, 74, 75, 75, 75, 75, 75, 76, 76, 76, 76, 76, 76, 76, 77, 77, 77, 77, 77, 77, 77, 77, 77, 77, 77, 77, 77, 77, 77, 77, 77, 77, 78, 78, 78, 79, 79, 79, 79, 79, 79, 79, 79, 80, 80, 80, 80, 80, 80, 80, 80, 80, 81, 81, 81, 81, 81, 81, 81, 81, 81, 81, 81, 82, 83, 83, 83, 83, 83, 83, 83, 83, 83, 83, 83, 84, 84, 84, 84, 84, 85, 85, 85, 85, 85, 86, 86, 86, 86, 86, 86, 86, 87, 87, 87, 87, 87, 88, 88, 89, 89, 89, 90, 90, 90, 90, 91, 91, 91, 91, 91, 91, 91, 91, 91, 91, 91, 92, 92, 92, 92, 92, 92, 93, 93, 93, 93, 93, 93, 93, 93, 93, 93, 93, 93, 93, 93, 93, 93, 94, 94, 94, 94, 94, 94, 95, 95, 95, 95, 95, 95, 95, 95, 95, 95, 95, 95, 95, 95, 95, 95, 95, 96, 96, 96, 96, 97, 97, 97, 98, 98, 98, 98, 98, 98, 98, 98, 98, 98, 98, 98, 98, 98, 98, 99, 99, 99, 99, 99, 100, 100, 100, 100, 100, 100, 100, 100, 100, 100, 100, 100, 100, 100, 100, 100, 100, 100, 100, 100, 101, 101, 101, 101, 102, 102, 102, 102, 102, 102, 103, 103, 103, 103, 103, 103, 103, 104, 104, 104, 104, 104, 104, 104, 104, 104, 104, 104, 104, 104, 104, 104, 104, 104, 104, 104, 105, 105, 105, 105, 106, 106, 106, 106, 106, 106, 106, 106, 106, 106, 107, 107, 107, 107, 107, 107, 107, 107, 107, 107, 107, 107, 107, 107, 107, 107, 107, 107, 107, 108, 108, 109, 109, 109, 109, 109, 109, 109, 110, 110, 110, 110, 110, 111, 111, 111, 111, 111, 111, 111, 111, 111, 111, 111, 111, 111, 111, 111, 111, 112, 112, 112, 112, 112, 112, 112, 112, 112, 113, 113, 113, 113, 113, 114, 114, 114, 114, 115, 115, 115, 115, 115, 116, 116, 117, 117, 117, 117, 117, 117, 117, 117, 118, 118, 118, 118, 118, 118, 118, 118, 118, 118, 118, 118, 119, 119, 119, 119, 119, 119, 119, 119, 119, 119, 120, 120, 120, 120, 121, 121, 121, 121, 121, 121, 121, 121, 121, 121, 121, 121, 121, 122, 122, 122, 122, 122, 122, 122, 123, 123, 123, 123, 123, 123, 123, 124, 124, 124, 124, 124, 124, 124, 124, 124, 124, 124, 124, 124, 124, 125, 125, 125, 125, 125, 125, 125, 125, 125, 125, 125, 126, 126, 126, 126, 126, 126, 126, 126, 126, 126, 126, 127, 127, 127, 130, 130, 130, 130, 131, 131, 131, 131, 131, 131, 131, 133, 133, 133, 133, 133, 133, 133, 133, 133, 133, 133, 134, 134, 134, 134, 134, 134, 135, 135, 135, 135, 135, 135, 135, 136, 136, 136, 136, 136, 136, 136, 136, 137, 137, 137, 137, 137, 137, 137, 137, 137, 137, 137, 137, 137, 137, 137, 137, 137, 138, 138, 138, 138, 138, 138, 139, 139, 139, 139, 139, 140, 140, 140, 141, 141, 141, 141, 141, 141, 141, 141, 141, 141, 141, 141, 141, 141, 141, 142, 142, 142, 142, 142, 143, 143, 143, 144, 144, 144, 144, 144, 144, 144, 144, 144, 144, 144, 144, 144, 144, 144, 144, 144, 145, 145, 145, 145, 145, 145, 145, 145, 145, 145, 145, 145, 146, 146, 146, 146, 146, 146, 147, 147, 147, 147, 147, 147, 147, 147, 147, 147, 148, 148, 148, 148, 148, 148, 149, 149, 149, 149, 149, 149, 149, 150, 150, 150, 150, 150, 150, 150, 150, 150, 150, 152, 152, 152, 153, 153, 153, 153, 153, 153, 153, 154, 154, 154, 154, 154, 154, 155, 155, 156, 156, 156, 156, 157, 157, 157, 158, 158, 159, 159, 159, 159, 159, 160, 160, 160, 160, 160, 160, 161, 161, 161, 161, 161, 162, 162, 162, 162, 162, 162, 162, 162, 162, 163, 163, 163, 163, 163, 163, 163, 163, 163, 163, 163, 163, 164, 164, 164, 165, 165, 165, 165, 165, 165, 165, 165, 165, 165, 165, 165, 165, 165, 165, 165, 165, 165, 165, 165, 165, 166, 166, 166, 167]
THEIR;[11, 18, 18, 21, 42, 45, 48, 48, 49, 55, 55, 78, 93, 97, 97, 101, 104, 106, 108, 112, 112, 126, 135, 154]
THEM;[3, 133]
THEMSELV;[]
THEN;[23, 47, 58, 66, 127, 135, 144, 159]
THEOPHYLLIN;[]
THEORET;[]
THERAPEUT;[]
THERAPi;[]
THERE;[2, 3, 4, 4, 5, 15, 15, 19, 21, 25, 27, 29, 31, 31, 34, 46, 46, 47, 49, 55, 69, 91, 91, 93, 93, 108, 111, 111, 118, 125, 125, 126, 134, 140, 143, 148, 162, 163]
THEREAFT;[]
THEREBi;[]
THEREFOR;[]
THEREOF;[156]
THESE;[8, 11, 12, 14, 23, 24, 24, 24, 31, 34, 37, 45, 45, 46, 46, 47, 48, 48, 49, 54, 55, 55, 56, 58, 58, 59, 59, 63, 68, 76, 78, 78, 80, 81, 88, 97, 97, 98, 98, 101, 102, 106, 107, 111, 111, 111, 112, 112, 118, 119, 125, 126, 126, 130, 130, 131, 134, 137, 140, 140, 141, 141, 141, 144, 145, 146, 147, 148, 151, 154, 159, 160, 161]
THEY;[25, 32, 46, 46, 46, 48, 90, 95, 102, 121, 130, 134, 135, 147, 147, 163]
THI;[]
THICK;[133]
THIN;[103, 133]
THIRD;[10, 55]
THIRTEEN;[2, 37]
THOMPSON;[110]
THOSE;[3, 11, 13, 16, 22, 30, 42, 43, 45, 45, 50, 51, 60, 63, 67, 68, 69, 76, 85, 107, 111, 120, 122, 124, 136, 136, 143, 143, 149, 156, 162]
THOUGH;[29, 49, 117]
THOUGHT;[76]
THREE;[4, 15, 55, 71, 73, 75, 80, 86, 109, 127, 127, 144, 164, 164]
THREEFOLD;[92]
THRIVE;[148]
THROAT;[161, 161, 161]
THROUGH;[81, 85, 85, 98]
THROUGHOUT;[23]
THU;[]
THYROID;[163, 163, 163, 163, 163, 163, 163]
THYROTROPIN;[163]
THYROXIN;[]
TIC;[71, 71, 71, 71, 71]
TIME;[24, 27, 39, 71, 74, 77, 77, 85, 91, 104, 111, 149, 149, 154]
TIN;[53]
TISSU;[]
TITER;[48, 48]
TITR;[]
TLC;[144]
TO;[1, 2, 2, 2, 3, 4, 4, 4, 5, 5, 6, 7, 8, 9, 10, 11, 12, 13, 13, 13, 14, 14, 14, 14, 14, 14, 14, 14, 14, 17, 18, 18, 18, 18, 18, 18, 19, 19, 19, 19, 20, 20, 21, 21, 22, 22, 22, 22, 22, 24, 24, 28, 29, 29, 29, 29, 30, 30, 31, 33, 33, 33, 34, 34, 34, 34, 34, 35, 37, 37, 37, 38, 39, 40, 40, 40, 40, 41, 43, 43, 43, 43, 44, 46, 46, 47, 47, 48, 48, 48, 48, 48, 48, 49, 50, 51, 52, 52, 55, 55, 55, 55, 55, 55, 55, 55, 55, 55, 56, 56, 56, 58, 58, 60, 60, 60, 60, 60, 60, 60, 60, 61, 61, 61, 61, 61, 61, 61, 63, 64, 65, 65, 65, 65, 65, 66, 66, 66, 67, 67, 67, 68, 69, 69, 70, 71, 71, 71, 71, 72, 72, 72, 73, 73, 73, 74, 75, 75, 75, 75, 75, 75, 76, 76, 76, 77, 77, 77, 77, 77, 77, 77, 79, 79, 80, 80, 80, 81, 81, 81, 82, 82, 83, 83, 83, 85, 85, 86, 86, 86, 86, 86, 86, 86, 86, 86, 86, 87, 87, 87, 88, 89, 89, 89, 89, 89, 90, 90, 90, 90, 91, 91, 91, 93, 93, 93, 93, 93, 93, 94, 95, 95, 95, 95, 96, 96, 97, 97, 98, 98, 98, 98, 98, 100, 102, 103, 103, 103, 103, 103, 104, 104, 104, 104, 104, 104, 104, 104, 104, 105, 105, 105, 106, 106, 106, 107, 109, 109, 110, 110, 110, 112, 112, 112, 112, 112, 113, 115, 117, 117, 118, 118, 118, 118, 121, 121, 122, 122, 123, 123, 123, 124, 125, 125, 125, 125, 125, 125, 126, 126, 126, 126, 126, 126, 126, 127, 127, 129, 131, 131, 133, 133, 134, 134, 134, 134, 134, 134, 134, 135, 135, 135, 136, 137, 137, 138, 139, 139, 139, 139, 140, 140, 141, 141, 141, 142, 143, 143, 143, 143, 144, 144, 144, 145, 146, 146, 146, 147, 147, 147, 147, 147, 147, 148, 148, 149, 149, 149, 149, 150, 150, 151, 151, 151, 152, 152, 152, 153, 153, 154, 154, 154, 154, 155, 155, 156, 159, 159, 159, 159, 160, 160, 160, 160, 161, 161, 161, 161, 162, 162, 162, 162, 163, 164, 164, 164, 164, 165, 165, 165, 165, 165, 165, 165]
TOBRAMYCIN;[61, 61, 61, 61, 61, 61, 159, 159]
TOCOPHEROL;[30, 30, 30, 30, 30, 157]
TODAY;[104, 133]
TOENAIL;[]
TOGETH;[]
TOLBUTAMID;[]
TOLER;[]
TOLUIDIN;[]
TOO;[73, 134]
TOOK;[147]
TOOL;[79, 127]
TOOTH;[75, 75]
TOTAL;[6, 6, 6, 19, 20, 43, 45, 45, 55, 59, 62, 63, 63, 63, 71, 77, 88, 111, 124, 130, 138, 138, 140, 140, 150, 150]
TOUCH;[]
TOWARD;[]
TOXIC;[18, 152, 159]
TRACHEA;[60]
TRACHEAL;[7, 8, 122, 148]
TRACHEOBRONCHI;[]
TRACT;[1, 1, 1, 6, 6, 7, 7, 17, 25, 31, 48, 56, 80, 134, 135, 152, 159, 160]
TRAIT;[69]
TRANSFER;[71]
TRANSFERRIN;[55]
TRANSFORM;[40]
TRANSFUS;[]
TRANSIENT;[55]
TRANSMISS;[]
TRANSMIT;[]
TRANSPORT;[46, 46, 46, 46, 66, 98, 124, 125, 125, 125, 125, 125, 135, 140, 140, 140, 140, 140, 140, 140, 140, 165, 165]
TRANSSUPPLEMENT;[]
TRAP;[]
TREAT;[134, 135]
TREATABL;[]
TREATMENT;[14, 19, 25, 37, 43, 48, 57, 61, 84, 88, 89, 89, 89, 89, 90, 95, 101, 102, 118, 135, 153, 159]
TREMEND;[]
TRIAL;[49, 49, 131]
TRICHLOROACET;[]
TRIMETHOPRIM;[123, 123]
TRIPP;[91]
TRITON;[53]
TRNA;[138, 143, 143, 143]
TRUE;[116, 140]
TRUTH;[67]
TRYPSIN;[5, 5, 26, 71, 71, 114, 131, 131, 141]
TRYPTIC;[71]
TRi;[]
TUBE;[29, 77]
TUBERCULOSI;[]
TUBUL;[]
TUBe;[]
TUMOR;[149]
TURBID;[139]
TURN;[126]
TWELV;[]
TWICE;[73]
TWIN;[]
TWO;[3, 11, 12, 19, 32, 46, 47, 47, 54, 65, 72, 96, 98, 103, 122, 137, 138, 141, 141, 143, 150, 151]
TYPE;[104, 114, 135, 141, 141, 141, 162]
TYPHU;[]
TYPe;[]
ULCER;[]
ULTIM;[]
ULTRASON;[]
ULTRAVIOLET;[75]
UNABL;[]
UNAFFECT;[]
UNAVAIL;[]
UNCERTAIN;[2, 120]
UNCERTAINTi;[]
UNCHANG;[]
UNCLEAR;[121, 157, 163]
UNCOMMON;[61]
UNDER;[2, 75, 105]
UNDERGO;[164]
UNDERLi;[]
UNDERNUTRIT;[]
UNDERSTAND;[19, 134]
UNDERTAKEN;[163]
UNDERW;[]
UNDETECT;[]
UNDOUBTEDLi;[]
UNDULi;[]
UNEQUIVOC;[]
UNEVEN;[155]
UNEXPECT;[]
UNFIT;[37]
UNFORTUN;[]
UNIT;[]
UNKNOWN;[27, 32, 40, 91, 117, 125, 149]
UNLESS;[67]
UNLIK;[]
UNLIMIT;[]
UNOBTAIN;[]
UNPALAT;[]
UNPLEAS;[]
UNPREDICT;[]
UNRECOGN;[]
UNREL;[]
UNSOLV;[]
UNSPENT;[44]
UNSUSPECT;[]
UNTIL;[2]
UNTOWARD;[101]
UNTREAT;[]
UNUSU;[]
UP;[48, 83, 119, 149]
UPON;[34, 65, 73, 73, 78, 136, 136, 136]
UPPER;[56, 65, 65, 155]
UPSTREAM;[24]
UPTAK;[]
UREA;[49]
URIDIN;[]
URIN;[]
URINARi;[]
US;[94, 118, 126]
USE;[21, 25, 67, 72, 79, 87, 90, 93, 95, 101, 101, 146, 146, 152, 165]
USUAL;[37, 95]
USe;[]
UTERO;[14, 99]
UTIL;[]
UTILIS;[]
V;[49]
VACCIN;[]
VACUOL;[]
VALID;[]
VALU;[]
VALUABL;[]
VARI;[]
VARIABL;[]
VARIANC;[]
VARIANT;[12]
VARIAT;[]
VARIETi;[]
VARIOU;[]
VARi;[]
VASCULAR;[100, 100]
VC;[144, 144, 144, 144, 144]
VEIN;[146, 164]
VENTIL;[]
VERBAL;[]
VERIFi;[]
VERTIC;[]
VERi;[]
VESICULAR;[83]
VEXATI;[]
VIABL;[]
VICTIM;[]
VICTORIAN;[43]
VIEW;[68, 160]
VIGOR;[]
VILLI;[34]
VILLOU;[]
VINELAND;[145]
VIOLET;[131]
VIRUL;[]
VISCID;[151, 151]
VISCOS;[]
VISIBL;[]
VISIT;[111]
VISUAL;[]
VITAL;[144]
VITAMIN;[46, 126, 126, 126, 126, 157, 157, 157, 165, 165, 165, 165, 165, 165]
VITRO;[40, 72, 86, 86, 123, 123, 154, 161]
VIVO;[72, 86, 86]
VMAX;[144, 144]
VOLUM;[]
VOLUMETR;[]
VOLUNT;[]
VOLVULU;[]
VOMIT;[]
VULGARI;[]
VULNER;[]
WA;[]
WAI;[]
WALE;[]
WALL;[81]
WARM;[105, 116, 119]
WASH;[]
WASHINGTON;[13]
WAST;[]
WATER;[25, 31, 31, 31, 31, 31, 103, 109, 109, 109, 115, 116, 116, 119, 134]
WATERi;[]
WE;[12, 18, 18, 18, 19, 19, 35, 50, 52, 56, 64, 65, 71, 83, 90, 90, 90, 90, 90, 91, 96, 98, 102, 104, 106, 112, 112, 115, 118, 118, 118, 118, 122, 124, 124, 124, 124, 126, 130, 134, 135, 137, 140, 140, 154, 163]
WEAK;[]
WEATHER;[105]
WEEK;[]
WEIGHT;[70, 71, 93, 123, 137, 139]
WEISSENBERG;[47]
WELL;[8, 18, 46, 48, 79, 97, 103, 115, 142, 143, 147]
WERE;[1, 1, 1, 1, 1, 2, 3, 4, 6, 6, 6, 7, 7, 11, 11, 11, 13, 18, 19, 19, 19, 19, 20, 20, 22, 22, 23, 23, 24, 24, 24, 24, 24, 26, 29, 29, 29, 31, 33, 33, 34, 34, 37, 37, 37, 37, 37, 37, 38, 38, 39, 43, 44, 48, 48, 48, 49, 51, 53, 53, 54, 55, 55, 55, 55, 55, 55, 55, 55, 55, 59, 59, 59, 59, 61, 61, 61, 61, 61, 62, 62, 62, 62, 62, 63, 63, 63, 63, 63, 65, 65, 65, 68, 68, 70, 71, 71, 71, 72, 73, 73, 73, 74, 75, 75, 75, 77, 78, 80, 83, 85, 85, 85, 86, 86, 89, 89, 89, 91, 91, 92, 92, 93, 95, 95, 95, 98, 99, 100, 100, 100, 100, 100, 105, 107, 111, 111, 111, 111, 113, 114, 115, 115, 122, 124, 124, 130, 137, 137, 138, 138, 140, 140, 140, 140, 141, 141, 143, 143, 143, 144, 144, 144, 144, 144, 144, 144, 144, 144, 144, 145, 145, 145, 145, 148, 148, 149, 149, 150, 151, 155, 155, 155, 155, 155, 156, 159, 160, 160, 161, 161, 161, 161, 161, 164, 164, 164, 164, 166, 167]
WEST;[39, 64, 73]
WHAT;[56, 106, 134]
WHEAT;[34]
WHEATEN;[73, 73]
WHEEZ;[]
WHEN;[11, 18, 27, 33, 33, 34, 48, 56, 58, 69, 69, 71, 79, 88, 94, 97, 103, 109, 115, 122, 134, 135, 150, 153, 158]
WHERA;[]
WHERE;[103, 104, 104, 104, 144, 162]
WHEREA;[]
WHETHER;[91, 91, 101, 125, 140, 151]
WHICH;[2, 3, 4, 6, 8, 8, 9, 13, 14, 18, 30, 38, 40, 40, 43, 46, 49, 50, 50, 59, 63, 65, 67, 69, 70, 73, 73, 76, 76, 77, 84, 93, 93, 104, 110, 111, 111, 114, 117, 118, 119, 121, 122, 130, 133, 136, 139, 141, 141, 147, 147, 157, 158, 162, 163, 165, 165, 165]
WHILE;[91, 102, 144, 150]
WHITE;[69, 69, 83, 83, 118, 121]
WHO;[12, 15, 15, 24, 37, 42, 48, 58, 75, 97, 97, 113, 133, 133, 145, 156, 160, 164, 164]
WHOLE;[63, 85, 135, 164]
WHOM;[13, 34, 39, 68, 91, 107, 134, 145]
WHOSE;[39, 45, 120]
WHi;[]
WIDE;[2, 47, 60, 116, 162]
WIDESPREAD;[27, 95]
WILL;[14, 14, 14, 16, 72, 72, 84, 108, 130, 134, 143]
WISC;[145]
WISH;[96, 112]
WIT;[]
WITH;[1, 1, 1, 2, 2, 2, 2, 2, 5, 5, 6, 6, 6, 7, 7, 7, 7, 7, 7, 8, 8, 11, 12, 12, 12, 13, 13, 13, 14, 14, 14, 18, 19, 19, 19, 19, 20, 20, 21, 21, 22, 22, 23, 23, 23, 23, 23, 24, 24, 24, 26, 26, 26, 26, 27, 29, 29, 29, 30, 30, 30, 30, 31, 31, 31, 32, 33, 34, 34, 35, 37, 37, 40, 41, 42, 43, 43, 43, 45, 47, 47, 48, 48, 48, 48, 48, 49, 50, 52, 55, 55, 55, 55, 57, 57, 57, 58, 58, 59, 59, 60, 61, 61, 61, 61, 62, 62, 62, 62, 62, 62, 62, 62, 63, 63, 63, 63, 63, 63, 63, 63, 64, 64, 64, 65, 65, 65, 65, 65, 67, 67, 68, 68, 69, 70, 70, 70, 70, 71, 73, 74, 74, 75, 76, 78, 80, 80, 80, 81, 81, 81, 82, 82, 82, 82, 83, 83, 83, 84, 84, 85, 85, 86, 86, 86, 86, 86, 86, 88, 88, 88, 88, 88, 88, 89, 89, 89, 89, 89, 90, 90, 90, 91, 91, 92, 92, 93, 93, 93, 93, 93, 93, 94, 95, 95, 96, 96, 96, 96, 96, 97, 97, 97, 97, 97, 98, 98, 98, 98, 98, 98, 99, 99, 99, 100, 100, 100, 100, 101, 102, 103, 103, 103, 103, 103, 104, 104, 104, 107, 107, 108, 108, 109, 109, 109, 110, 111, 111, 113, 114, 115, 116, 117, 118, 118, 118, 118, 119, 119, 120, 121, 122, 122, 122, 122, 122, 123, 123, 123, 123, 125, 126, 126, 127, 129, 130, 131, 134, 136, 137, 137, 138, 139, 139, 139, 139, 140, 140, 140, 141, 141, 141, 141, 141, 143, 143, 143, 143, 144, 145, 146, 146, 147, 147, 148, 148, 148, 148, 149, 149, 149, 149, 149, 150, 150, 150, 150, 151, 154, 155, 155, 155, 155, 158, 158, 159, 159, 159, 160, 160, 160, 160, 161, 163, 163, 163, 163, 163, 163, 163, 163, 163, 163, 164, 165, 166, 166, 166, 166, 167, 167, 167]
WITHIN;[5, 9, 78, 93, 93, 94, 120, 121, 159]
WITHOUT;[14, 19, 31, 38, 62, 62, 62, 88, 96, 103, 163]
WITHSTOOD;[114]
WOMAN;[15]
WOMEN;[15, 15, 107, 107, 107, 107]
WOOD;[]
WORK;[19, 19, 153, 162]
WORKER;[127]
WORLD;[104]
WORSEN;[]
WOULD;[12, 12, 12, 45, 56, 73, 77, 91, 104, 105, 147]
WRINKL;[]
WS;[145]
X;[86, 86]
YEAR;[2, 3, 7, 8, 152]
YEAST;[143]
YELLOW;[131]
YET;[73, 84, 91, 106, 120, 135, 141]
YIELD;[149]
YORK;[30, 130]
YOUNG;[22, 26, 50, 58, 64, 107, 107, 116]
YR;[]
ZONE;[47, 47, 141, 155]
ZYMOGRAM;[]
ZZ;[71]
